SP,b0,a0,a1
35.0,0.130755760182,-0.896012493415,0.0409543768386
35.0,0.131730557264,-0.894459671285,0.0406172968485
35.0,0.131587722041,-0.896701064995,0.0427997127295
35.0,0.131049707963,-0.897781084512,0.0434223785452
35.0,0.131969095495,-0.896638505379,0.0431380513745
35.0,0.132142607392,-0.893913422629,0.0407278144865
35.0,0.131458739906,-0.896752515199,0.0430247224995
35.0,0.13128581235,-0.897119146709,0.0432221594898
35.0,0.131148247058,-0.89681190802,0.042797303338
35.0,0.131656101436,-0.897307436455,0.0436693737219
35.0,0.131547532107,-0.897888382701,0.0441044708579
35.0,0.132149021044,-0.898863708669,0.0460160690825
35.0,0.133431555439,-0.893490975916,0.0419010436305
35.0,0.133349546387,-0.894761298355,0.0430360281145
35.0,0.133626752759,-0.894441072924,0.0431562449901
35.0,0.133202204541,-0.896516453015,0.0448731240635
35.0,0.133739484495,-0.895769254558,0.0446269254629
35.0,0.134011822142,-0.890419416986,0.0398479541264
35.0,0.136170896528,-0.882402848321,0.0339950628434
35.0,0.136864721951,-0.875983388851,0.0284976415095
35.0,0.136735199479,-0.877003945734,0.0294140131152
35.0,0.136450775927,-0.876982033108,0.0291699212521
35.0,0.137943245347,-0.874692814534,0.0282329552073
35.0,0.138691829269,-0.871064417239,0.0255128213078
35.0,0.138563078509,-0.868684295255,0.0228993045672
35.0,0.138757719657,-0.868161270317,0.0226452848362
35.0,0.138696958343,-0.869172281631,0.0236624279948
35.0,0.138144668174,-0.870493151606,0.0245121982281
35.0,0.136771968052,-0.873014475969,0.0256743260718
35.0,0.138331986638,-0.871287198132,0.0255447085105
35.0,0.138138188118,-0.875396907947,0.0293364014531
35.0,0.137813069191,-0.876072381504,0.0295953953805
35.0,0.138585745035,-0.876280994473,0.0308157927304
35.0,0.138386045378,-0.877515457341,0.0318644007179
35.0,0.138592868189,-0.877663080526,0.0321970268932
35.0,0.138607696263,-0.877202997576,0.0317829333699
35.0,0.138616828469,-0.877156006604,0.0317387433634
35.0,0.138663408682,-0.877894913265,0.0323195156485
35.0,0.139056851913,-0.876537726299,0.0314342018768
35.0,0.139198014011,-0.877763604011,0.0328628816214
35.0,0.138938036266,-0.879555109032,0.0344912832589
35.0,0.142139763677,-0.871556242931,0.0297037217364
35.0,0.145785025503,-0.85267469084,0.0150946016122
35.0,0.145493331797,-0.857933712631,0.0200996302123
35.0,0.144376238986,-0.858379305006,0.0194469025275
35.0,0.143141997958,-0.85999698079,0.0197867970167
35.0,0.143161564958,-0.860000689103,0.019810686831
35.0,0.141544627544,-0.852870038554,0.0112101239054
35.0,0.143699076109,-0.846804365144,0.0074593866705
35.0,0.144614266163,-0.858998832989,0.0204916110135
35.0,0.143280992565,-0.864166220496,0.0240560018551
35.0,0.14248727449,-0.864262942529,0.0232098115534
35.0,0.142788286917,-0.864633085661,0.0239454416886
35.0,0.142371431323,-0.85956181147,0.0182064120176
35.0,0.140724597242,-0.864790961647,0.0214895567718
35.0,0.143709492774,-0.865331776787,0.0255513123499
35.0,0.143622933518,-0.866138690718,0.0262721746591
35.0,0.144701900847,-0.868946228022,0.0301231832383
35.0,0.144971324736,-0.867382965568,0.0288893960824
35.0,0.145414638376,-0.872321005405,0.0344935656907
35.0,0.143426215622,-0.879490333757,0.039590027564
35.0,0.139628424525,-0.881502542004,0.037561602142
35.0,0.141483467147,-0.880211079013,0.0382678831297
35.0,0.142484391023,-0.893271105239,0.0522616027056
35.0,0.144335870685,-0.885852725692,0.0470319007907
35.0,0.144421428677,-0.881920253468,0.0431374511
35.0,0.144576579653,-0.88053250151,0.0419793687258
35.0,0.14442802579,-0.881699098437,0.0430278081738
35.0,0.14400253531,-0.882181350413,0.043100691492
35.0,0.14950420144,-0.877361198699,0.0438424482479
35.0,0.150327038218,-0.873903899372,0.04132057527
35.0,0.159473133225,-0.913358044164,0.0913118871707
35.0,0.160526361357,-0.904280763332,0.083341134911
35.0,0.158497412132,-0.891569403331,0.0685681308722
35.0,0.162648933625,-0.88358871899,0.065004231162
35.0,0.163742027235,-0.855354298415,0.0382617746562
35.0,0.16500925509,-0.846862015495,0.0310940149662
35.0,0.163255342894,-0.826292992429,0.00885870922425
35.0,0.161629202575,-0.831660933306,0.0124805316486
35.0,0.167140078258,-0.843204087694,0.0299399168429
35.0,0.16475004288,-0.868133427084,0.05195918359
35.0,0.16776106908,-0.86618959083,0.0534746519765
35.0,0.169878024677,-0.883636764636,0.073462929148
35.0,0.166704884832,-0.897414336937,0.0839392403756
35.0,0.168656902083,-0.895754701594,0.0843991704986
35.0,0.170523065451,-0.907587604108,0.0981915849507
35.0,0.171227474897,-0.902521496577,0.0940044362969
35.0,0.171206278698,-0.901197877095,0.092631763499
35.0,0.171175848354,-0.904714625699,0.0958565496563
35.0,0.174685680714,-0.894022557075,0.0892305289957
35.0,0.174581007801,-0.892336441058,0.0874121677827
35.0,0.174433096072,-0.891744204167,0.0867251281096
35.0,0.173507770865,-0.893853525386,0.0879175513112
35.0,0.175622964235,-0.892055711289,0.0883649271474
35.0,0.175695278898,-0.912143426923,0.108291541931
35.0,0.177964238345,-0.907104507808,0.105865541712
35.0,0.177609959546,-0.904605925816,0.102947204068
35.0,0.176895436827,-0.903020813131,0.100377158254
35.0,0.180071758363,-0.894188115039,0.0952452627464
35.0,0.180088884913,-0.885495777268,0.0864942949233
35.0,0.180016349955,-0.883149867171,0.0841138282703
35.0,0.181006068142,-0.876601282286,0.0783824361242
35.0,0.186884103742,-0.851314184339,0.0598706306981
35.0,0.186988021022,-0.856797062492,0.0655027173759
35.0,0.1868023026,-0.856520527724,0.0650294925558
35.0,0.18806671379,-0.85991463363,0.0697285095043
35.0,0.189259091302,-0.848947426922,0.0602803048354
35.0,0.187020285601,-0.865997095047,0.0750047918641
35.0,0.196780172549,-0.864666118127,0.0843194003518
35.0,0.197213195988,-0.805379645033,0.0258388773737
35.0,0.197183839331,-0.80572699292,0.0261555056584
35.0,0.203488209316,-0.82560335711,0.0528582130078
35.0,0.205072507109,-0.814768526067,0.0438946485876
35.0,0.205215835963,-0.815851051255,0.0451475332382
35.0,0.204359365845,-0.815287374117,0.043871732493
35.0,0.209296303437,-0.80345878077,0.0374063257308
35.0,0.2094027836,-0.804636477304,0.0386953720664
35.0,0.208671831432,-0.803207345379,0.0363905157131
35.0,0.208966755449,-0.803199907761,0.0367327937999
35.0,0.210395341207,-0.809702221531,0.0449894733836
35.0,0.208868570183,-0.814630982321,0.0482899847069
35.0,0.212852279968,-0.819343116784,0.057336361705
35.0,0.213075522189,-0.829869306922,0.0680149102651
35.0,0.213530951146,-0.829812275679,0.0684837780578
35.0,0.212047224516,-0.824360125992,0.0612966265992
35.0,0.209602929653,-0.826168725688,0.0602227178432
35.0,0.209755906596,-0.826073331716,0.0603024915567
35.0,0.20613671255,-0.813923606539,0.0439780863475
35.0,0.196918775974,-0.824176662882,0.0436036459974
35.0,0.206948278875,-0.813892909238,0.0446379499908
35.0,0.207402980877,-0.816692362435,0.0479553365056
35.0,0.206772316332,-0.816944248116,0.0475758398644
35.0,0.210675099462,-0.815780659443,0.0505937084167
35.0,0.209730337762,-0.841346899027,0.074913784794
35.0,0.221007304693,-0.83477510355,0.0811389451224
35.0,0.221127339433,-0.843895147271,0.0904333162649
35.0,0.218042167362,-0.839249860493,0.0824312341071
35.0,0.201321258295,-0.823572273341,0.0485730870195
35.0,0.189259644479,-0.838908883921,0.0505734332813
35.0,0.199632019036,-0.860903800574,0.0840435634139
35.0,0.200309122955,-0.865809819291,0.0896817644276
35.0,0.200138792343,-0.866083585255,0.0897468847876
35.0,0.201672537091,-0.868151488804,0.0936330215837
35.0,0.20313363014,-0.841216993006,0.067982196535
35.0,0.209266429136,-0.814441003778,0.048201575165
35.0,0.213439100698,-0.840685530904,0.0792301477197
35.0,0.215993736146,-0.834064608637,0.0753319682999
35.0,0.216090943394,-0.837895323678,0.0792388085819
35.0,0.215872403182,-0.837642720616,0.0787299833589
35.0,0.214761570619,-0.83503821154,0.074793638533
35.0,0.214895046857,-0.834872461242,0.0747839256904
35.0,0.217361492536,-0.843843529344,0.0866726551705
35.0,0.22053430655,-0.832230440665,0.0784759286959
35.0,0.222456566904,-0.85617169625,0.104403970994
35.0,0.228066687171,-0.848758564955,0.103403190473
35.0,0.227878043302,-0.845808912221,0.10022595356
35.0,0.228127888826,-0.84654949199,0.10122948827
35.0,0.228300119195,-0.847749516748,0.102578775283
35.0,0.228536650491,-0.847121636821,0.102244302396
35.0,0.228835697446,-0.850842234082,0.10638982689
35.0,0.227623391553,-0.853074703641,0.107324129212
35.0,0.225627582849,-0.851036591751,0.103115175775
35.0,0.229384332569,-0.854937400866,0.111098184864
35.0,0.22857651438,-0.8809247454,0.135981877204
35.0,0.222211958676,-0.887070960963,0.134922601443
35.0,0.225648441651,-0.89192854797,0.143660224006
35.0,0.224383289021,-0.88556967123,0.135852602267
35.0,0.224548100422,-0.885625861074,0.136113800194
35.0,0.223429848601,-0.895548050946,0.145136600103
35.0,0.238549740104,-0.859802739751,0.126086863885
35.0,0.237235820224,-0.85204639895,0.116886592963
35.0,0.238293295193,-0.85275310865,0.118994468006
35.0,0.235752089814,-0.861617245691,0.125087330705
35.0,0.239661107898,-0.867600829743,0.135373408196
35.0,0.238099764331,-0.854263600756,0.120388089441
35.0,0.236391426343,-0.871926624551,0.136395991633
35.0,0.243494467091,-0.860045770828,0.13234949601
35.0,0.249563542181,-0.895005810228,0.173952403327
35.0,0.252715998461,-0.887926091468,0.170477737422
35.0,0.250656029362,-0.878738772696,0.158929541743
35.0,0.25621756563,-0.877354163248,0.164073371139
35.0,0.262306859515,-0.849345208993,0.142746314102
35.0,0.262209967383,-0.848874108339,0.142168758428
60.0,0.393083526959,0.764883501838,0.962433735359
60.0,0.114838051082,-0.888553905203,-0.0239501383484
60.0,0.114358505373,-0.874369975446,-0.0388141654387
60.0,0.117987122498,-0.852869987077,-0.0573885189454
60.0,0.117876652845,-0.864856604303,-0.0454093077139
60.0,0.118782583049,-0.863809240454,-0.0458986673101
60.0,0.11953608886,-0.852699198256,-0.0562947942095
60.0,0.119362095794,-0.85480949163,-0.0542922224135
60.0,0.120190543531,-0.858551810868,-0.050062548131
60.0,0.122187889768,-0.837548658424,-0.0692768155962
60.0,0.123598647587,-0.823756472932,-0.0820877192538
60.0,0.123428948667,-0.816176224138,-0.0897303092424
60.0,0.123525864288,-0.815374411419,-0.0904794847651
60.0,0.123993493551,-0.827100566829,-0.0787567297635
60.0,0.126107056771,-0.815123746756,-0.0890447086326
60.0,0.127947839835,-0.847278729465,-0.0552776987621
60.0,0.125850418056,-0.860134509301,-0.0438636061727
60.0,0.125448307969,-0.860048260206,-0.044235358635
60.0,0.125414221713,-0.859860026472,-0.0444465457162
60.0,0.125655077241,-0.861305396736,-0.0428658466662
60.0,0.125632347981,-0.861800849469,-0.042402256771
60.0,0.125368061312,-0.861229926017,-0.0432896894811
60.0,0.125555763117,-0.860412545678,-0.043945881804
60.0,0.125894788357,-0.864922846642,-0.0390936741385
60.0,0.125203278065,-0.869643157295,-0.0347960053347
60.0,0.126257483884,-0.868216881262,-0.0354953712902
60.0,0.126222933177,-0.862826251345,-0.0408533504679
60.0,0.125766071968,-0.867565207036,-0.0363532387451
60.0,0.127996522007,-0.862015500281,-0.0403644439131
60.0,0.128031635725,-0.861375284529,-0.0409733250801
60.0,0.127965731722,-0.860793578699,-0.0416155396869
60.0,0.127953578592,-0.860763891227,-0.041658726318
60.0,0.127866545844,-0.860386554815,-0.0421596429815
60.0,0.127730175218,-0.860988475734,-0.0416826326292
60.0,0.12682930903,-0.858471819192,-0.0450360244647
60.0,0.129165368343,-0.849763637876,-0.0518453906697
60.0,0.128924445819,-0.867705364703,-0.0339731080341
60.0,0.130264817928,-0.865576227936,-0.0351548210193
60.0,0.129807233753,-0.842582927511,-0.0582999956795
60.0,0.126613251528,-0.863003847639,-0.0401646863476
60.0,0.131220561175,-0.865001349651,-0.0347914096276
60.0,0.131459071232,-0.89695428142,-0.00281634579018
60.0,0.128658370524,-0.904362680943,0.0023326137894
60.0,0.131562363994,-0.906316291818,0.00660115119728
60.0,0.131714460422,-0.913597210426,0.0140421519309
60.0,0.130674100683,-0.914877408359,0.0146529182844
60.0,0.129626209617,-0.917245427624,0.016271844955
60.0,0.135825542983,-0.933746516415,0.03718604708
60.0,0.134299076938,-0.948374174397,0.0505952037729
60.0,0.13900489235,-0.965687150832,0.071647286124
60.0,0.139046609036,-0.962749434258,0.0687257045719
60.0,0.138405721655,-0.958037084333,0.0636171489001
60.0,0.135923258374,-0.965030917257,0.0688931130567
60.0,0.136860593602,-0.963548410808,0.0680970805805
60.0,0.137779560244,-0.971033867208,0.0762328123611
60.0,0.137745824965,-0.974114944596,0.0792473672637
60.0,0.137306271001,-0.974702841627,0.0794504470091
60.0,0.137302871841,-0.97470258008,0.0794473273721
60.0,0.137702549882,-0.977093243067,0.0821931296598
60.0,0.137609476903,-0.978404467823,0.0834555686155
60.0,0.137494830227,-0.978286249982,0.0832638605416
60.0,0.137865806259,-0.979267327493,0.0844751301854
60.0,0.137177697681,-0.988922600023,0.0934589689247
60.0,0.135625487992,-0.993867796241,0.0971666674988
60.0,0.140295290439,-1.00586498568,0.112881648681
60.0,0.141377408556,-0.979649498717,0.0873775719464
60.0,0.141338512909,-0.982803562731,0.0904828568038
60.0,0.141527967212,-0.983180595768,0.0910215661898
60.0,0.1417160173,-0.986785029078,0.094839846564
60.0,0.140298229875,-0.993286044134,0.100365694312
60.0,0.142060599208,-0.991441792014,0.0998080181153
60.0,0.141536941656,-0.983509821789,0.091523113821
60.0,0.142038622182,-0.981658562246,0.0899953973547
60.0,0.142475202328,-0.97251030951,0.081278007093
60.0,0.144502581495,-0.950546016837,0.0606900712592
60.0,0.144706391124,-0.948023079781,0.0583333731377
60.0,0.14775873643,-0.966352856211,0.0791259493041
60.0,0.151847179333,-0.925762604961,0.0414255877333
60.0,0.153947801601,-0.891467526154,0.00883977211733
60.0,0.153950497791,-0.891511476738,0.00888594675331
60.0,0.153154367788,-0.887964421926,0.00482840100878
60.0,0.155976640672,-0.880227943994,-0.000876700496485
60.0,0.156232663762,-0.84450811252,-0.0362322171644
60.0,0.158608094575,-0.808668176003,-0.0704159639284
60.0,0.15847888497,-0.791509684244,-0.087611356205
60.0,0.160967217846,-0.822483031768,-0.0545641661789
60.0,0.165414647815,-0.812872017391,-0.0608832098739
60.0,0.173244148267,-0.902152829932,0.0340448590985
60.0,0.170973890488,-0.908778919664,0.0389063485472
60.0,0.19047482672,-0.97986747585,0.125111558558
60.0,0.190476129592,-1.00275836233,0.148070817253
60.0,0.191131204408,-1.00376071485,0.149557957602
60.0,0.193741605047,-1.01599958778,0.163702576352
60.0,0.193769440714,-1.00465156049,0.152470095621
60.0,0.19387891009,-1.00171912277,0.149593321087
60.0,0.191977322328,-0.988410690064,0.13502702954
60.0,0.191249076779,-0.99101779955,0.137098645437
60.0,0.193700582101,-0.998864853399,0.146764834327
60.0,0.194166379803,-1.00360922473,0.151832484348
60.0,0.195505295872,-1.00057113713,0.149947115472
60.0,0.195971845643,-0.995007904378,0.144701731716
60.0,0.197851972923,-1.00778442561,0.158807971374
60.0,0.201855273127,-0.987077023946,0.141360467136
60.0,0.202102887175,-0.979648266066,0.134092507153
60.0,0.19922280645,-0.966640801174,0.118971060067
60.0,0.197153590977,-0.967943262543,0.118767119628
60.0,0.208923566367,-0.978458667851,0.137997231079
60.0,0.211604466024,-0.941235432255,0.102929712853
60.0,0.207325200339,-0.916352581902,0.0746918056814
60.0,0.209327837977,-0.912584453374,0.0725594102177
60.0,0.209224546448,-0.893922043735,0.0536960344716
60.0,0.209080283759,-0.901788108432,0.0614033169496
60.0,0.219697478237,-0.917351999375,0.0853413929123
60.0,0.21925256583,-0.92204277139,0.0897085402441
60.0,0.216070228785,-0.913111174451,0.0783866891354
60.0,0.228367272238,-0.940255339241,0.114653192317
60.0,0.236044769329,-0.873026641901,0.0535295741348
60.0,0.234082727663,-0.854147201552,0.0331010812184
60.0,0.234650304849,-0.856576570059,0.0359473112611
60.0,0.234231605997,-0.860321953917,0.039164779312
60.0,0.239157933606,-0.850538463758,0.0332388350887
60.0,0.235514027846,-0.832895872608,0.0127456935613
60.0,0.235567506584,-0.832482379364,0.0123807491193
60.0,0.23680044113,-0.836905652224,0.017823967923
60.0,0.240394011684,-0.826478590891,0.0099467000965
60.0,0.240320241111,-0.827509995751,0.0109167892103
60.0,0.245765461978,-0.841973729135,0.0296226199529
60.0,0.245747110572,-0.839193225993,0.0268043401818
60.0,0.243873767261,-0.832115512015,0.0183750946615
60.0,0.249306881189,-0.823401121377,0.0135924678672
60.0,0.25095435952,-0.803457434556,-0.00500922220086
60.0,0.263631682538,-0.860480300057,0.061909463267
60.0,0.266767367768,-0.854789185642,0.0585631601083
60.0,0.26853294068,-0.86044015341,0.0655411964583
60.0,0.268458677952,-0.86002619016,0.0650770080799
60.0,0.268762993838,-0.861092282688,0.0664477662308
60.0,0.271753544619,-0.852750192338,0.060223121887
60.0,0.271150484881,-0.860588641482,0.067559601705
60.0,0.291083173268,-0.894145020401,0.116598695643
60.0,0.29342471974,-0.85321636058,0.0773207504836
60.0,0.287531649214,-0.826414389915,0.046105566414
60.0,0.287372082192,-0.838282614365,0.0579825548387
60.0,0.293853780888,-0.836808569952,0.0613627248874
60.0,0.295052032843,-0.842893444454,0.0683367823329
60.0,0.299652488965,-0.846898340986,0.0760002329613
60.0,0.29992651767,-0.843518055312,0.0728071130262
60.0,0.298756075445,-0.840308372686,0.0687252511097
60.0,0.29865933529,-0.840228373124,0.0685778508507
60.0,0.299358494329,-0.841543572371,0.0703632886757
60.0,0.301624770688,-0.834858229554,0.0655319965598
60.0,0.301609806414,-0.87048125455,0.101355743745
60.0,0.301232995382,-0.870612254779,0.101201668882
60.0,0.310325065127,-0.891013039185,0.128490133002
60.0,0.313040688962,-0.911926648874,0.151363605888
60.0,0.31112458352,-0.912969769257,0.15091318422
60.0,0.30521010229,-0.90278047313,0.136136246011
60.0,0.298598824376,-0.895262086118,0.12347166979
60.0,0.297830896308,-0.894788023166,0.122400999974
60.0,0.293091396335,-0.884368492385,0.108287361214
60.0,0.297238033545,-0.885071451559,0.112242325507
60.0,0.297024083997,-0.880701201118,0.107683928238
60.0,0.300908523258,-0.892751230541,0.122578517752
60.0,0.303756261242,-0.882402932383,0.114482298132
60.0,0.299406382455,-0.856505091994,0.0851432147297
60.0,0.301079586067,-0.845134775771,0.0751274994866
60.0,0.299968033797,-0.836374164093,0.0654734907203
60.0,0.300575684863,-0.840318444703,0.0698438622146
60.0,0.296103898655,-0.842404868938,0.0683481621937
60.0,0.296956067713,-0.841612524849,0.0682145495379
60.0,0.317534655518,-0.89071910287,0.133204121332
60.0,0.316517626228,-0.897097893174,0.138830380589
60.0,0.295656344903,-0.863964973684,0.0899370519377
60.0,0.302091532925,-0.864536734627,0.0953790825805
60.0,0.32906857731,-0.946192548401,0.197395023508
60.0,0.34735275245,-0.868473768468,0.133887616358
60.0,0.335163895608,-0.78347386904,0.0394017730031
60.0,0.331521133836,-0.743734954804,-0.00297236761654
60.0,0.332700531976,-0.769915101206,0.0242227814778
60.0,0.339774189656,-0.772928276093,0.032582566287
60.0,0.336867167586,-0.763823204007,0.0212969734615
60.0,0.33671245552,-0.767848973815,0.0252886383631
60.0,0.344418900598,-0.763255239215,0.0264409869771
60.0,0.345889643559,-0.732691799329,-0.00285950520025
60.0,0.346942410234,-0.741040489984,0.00632601696434
60.0,0.351846789702,-0.746726559504,0.0157021705568
60.0,0.352093476856,-0.749781710515,0.0189199326826
60.0,0.359293759258,-0.755514803227,0.0302893236905
60.0,0.361257291752,-0.743024693957,0.0192257403559
60.0,0.366056323499,-0.762303461652,0.0420821768996
60.0,0.382747768153,-0.75857115092,0.0513100660904
60.0,0.383278119632,-0.710723015796,0.00371252421442
60.0,0.384962724746,-0.719522529611,0.0137728213999
60.0,0.379353232347,-0.713439078582,0.00334643294791
60.0,0.371429464648,-0.709497431922,-0.00675036419878
60.0,0.374943705807,-0.710085330269,-0.00344628113519
60.0,0.36373420178,-0.684323826039,-0.0379144722772
60.0,0.364472535854,-0.683100714616,-0.0385636320087
60.0,0.359004698445,-0.673217873796,-0.0526719636787
60.0,0.351694411116,-0.67823986555,-0.053433531551
60.0,0.352524988952,-0.67777347628,-0.0532610742939
60.0,0.3576818364,-0.686645594664,-0.0404251638837
60.0,0.357700058683,-0.689881537132,-0.0371265345694
60.0,0.346801919444,-0.688539633294,-0.0466375956683
60.0,0.374354121043,-0.68604800133,-0.0282622034359
60.0,0.357811174579,-0.594947962207,-0.131756900358
60.0,0.353420911968,-0.632293465428,-0.0976544747231
60.0,0.372795801716,-0.648467100519,-0.0667618619795
60.0,0.353259674871,-0.586866653646,-0.14303106263
60.0,0.367324187731,-0.557339602174,-0.161926244788
60.0,0.375597976898,-0.581663494014,-0.131339423349
60.0,0.366711229206,-0.575320823722,-0.144551074454
60.0,0.380022053656,-0.578776632171,-0.130809558186
60.0,0.373886433095,-0.518293083957,-0.196294848021
60.0,0.376450430952,-0.511919345826,-0.200689610703
60.0,0.370516108769,-0.502885982363,-0.214280122841
60.0,0.369390161779,-0.505560685225,-0.212528418931
60.0,0.358214645361,-0.504107829831,-0.222669829634
60.0,0.368834517488,-0.501679781409,-0.216925272476
60.0,0.365825390442,-0.493337792028,-0.227601050434
60.0,0.366962019386,-0.497787929602,-0.222326149835
60.0,0.364223626555,-0.496581350696,-0.225676256666
60.0,0.365132711237,-0.496485813731,-0.225063135894
60.0,0.369660699917,-0.508139190127,-0.209789273351
60.0,0.333276004415,-0.529745871166,-0.215682337118
60.0,0.373612025632,-0.534651308024,-0.180122969726
60.0,0.37286131438,-0.532555930683,-0.182785989133
60.0,0.373773363294,-0.534443582032,-0.180183165864
60.0,0.374026003118,-0.534486650726,-0.179989956464
60.0,0.373970017617,-0.534549365285,-0.179971767329
60.0,0.372639694973,-0.532893395558,-0.182674784761
60.0,0.372945112031,-0.532767276909,-0.182559247173
60.0,0.375735293798,-0.538116166921,-0.174976965512
60.0,0.379612149743,-0.534079497358,-0.176105863816
60.0,0.372073635754,-0.504954511792,-0.210810509537
60.0,0.375155145967,-0.498401706153,-0.21504200491
60.0,0.386473031562,-0.52172131885,-0.183172032548
60.0,0.3937274218,-0.519449007183,-0.179821143778
60.0,0.395986380753,-0.539037154357,-0.158391863964
60.0,0.398535990007,-0.538908217298,-0.156591836793
60.0,0.398650187952,-0.539123079883,-0.156291140357
60.0,0.398778387802,-0.539311063286,-0.155992516345
60.0,0.398636810746,-0.540665303844,-0.154640685617
60.0,0.407178544536,-0.532001225509,-0.156874746098
60.0,0.407374890115,-0.53604151875,-0.152702059072
60.0,0.412830686413,-0.541948324568,-0.142573754077
60.0,0.414033192376,-0.531891278725,-0.15183823738
60.0,0.415637048769,-0.527925501286,-0.15455650051
60.0,0.407557908893,-0.512859066156,-0.175871247381
60.0,0.407373263282,-0.513176651576,-0.175697831969
60.0,0.409290339595,-0.515822151075,-0.171564913501
60.0,0.410652569935,-0.513964650244,-0.172457415386
60.0,0.41149266115,-0.511881669213,-0.173880301512
60.0,0.409473566203,-0.507051015273,-0.180289721378
60.0,0.411396267823,-0.49728187476,-0.188462635888
60.0,0.418546839767,-0.483040811613,-0.197314033913
60.0,0.411984951347,-0.461578849061,-0.223713836412
60.0,0.412671647892,-0.445382408883,-0.239468834033
60.0,0.41318668912,-0.472641490052,-0.211936522018
60.0,0.43337083976,-0.474935195262,-0.194146095388
60.0,0.445637674287,-0.526625401023,-0.132898095286
60.0,0.401391103397,-0.539895048556,-0.153259690191
60.0,0.395498050308,-0.538002204807,-0.159638882464
60.0,0.396035811462,-0.53863312731,-0.158599629393
60.0,0.408238764676,-0.554663097527,-0.133550623374
60.0,0.402461952539,-0.561844877925,-0.130804222482
60.0,0.402785664303,-0.562286872197,-0.130113772527
60.0,0.406517729739,-0.566275782328,-0.123207202778
60.0,0.398893081496,-0.580625682369,-0.114524908168
60.0,0.435833245833,-0.5662357846,-0.1008852663
60.0,0.436142883156,-0.578178587656,-0.0887349381578
60.0,0.450402970255,-0.593746155455,-0.0621741291481
60.0,0.448322834015,-0.604685477395,-0.0527524682675
60.0,0.442174651864,-0.603392751807,-0.0586927354858
60.0,0.437794426957,-0.601351004892,-0.06404176039
60.0,0.431823739806,-0.598807828156,-0.0710756780384
60.0,0.452354752653,-0.594225175749,-0.0601788259019
60.0,0.439357825402,-0.632015714727,-0.0324349027951
60.0,0.388986780987,-0.606983718358,-0.0961499181065
60.0,0.376979406565,-0.608146550132,-0.1042006669
60.0,0.412258249451,-0.646317564248,-0.038915026038
60.0,0.421896758645,-0.606778583536,-0.0712263558167
60.0,0.41977156538,-0.58970584051,-0.0898669829006
60.0,0.422092552287,-0.614091465089,-0.0635525503804
60.0,0.417453902238,-0.617105312425,-0.0640505070527
60.0,0.421092850161,-0.621018981181,-0.0573830709934
60.0,0.420062959152,-0.61743846632,-0.0617128152807
60.0,0.419017472863,-0.621134947487,-0.058746997326
60.0,0.423826838796,-0.618603916175,-0.057670504804
60.0,0.424552005522,-0.600696199589,-0.0749114971529
60.0,0.434732836183,-0.550792062778,-0.117287092169
60.0,0.411925070349,-0.623541303922,-0.0621455760926
60.0,0.427830117523,-0.628382501863,-0.0451106635593
60.0,0.42452692924,-0.620861870205,-0.0551779314896
60.0,0.42392078962,-0.622725562568,-0.0538444727405
60.0,0.423310361135,-0.623344089588,-0.0537034942029
60.0,0.425242003119,-0.625864002671,-0.0496643338935
60.0,0.423874921045,-0.628273467501,-0.0482613904411
60.0,0.430500465419,-0.629969192546,-0.0415931436099
60.0,0.429596703995,-0.638266096946,-0.0340371872543
60.0,0.434148932896,-0.639231177786,-0.029550067588
60.0,0.434201943929,-0.640839346839,-0.0278897338173
60.0,0.436088880126,-0.642179283733,-0.0251481929828
60.0,0.434540400713,-0.658257255603,-0.0104499865295
60.0,0.472317443775,-0.618634253411,-0.0210760876118
60.0,0.47009322976,-0.587461580765,-0.0540097585032
60.0,0.460997197633,-0.563078778938,-0.0852256437732
60.0,0.458480569918,-0.56800058391,-0.0821892109773
60.0,0.43772589467,-0.553240691159,-0.11262203271
60.0,0.430337831554,-0.557426408788,-0.114036772614
60.0,0.425184260976,-0.552608200705,-0.122760449896
60.0,0.416384049905,-0.548729686803,-0.133237852976
60.0,0.414364794163,-0.55012982343,-0.133365449808
60.0,0.401610156232,-0.533929648852,-0.159195065414
60.0,0.40044247631,-0.535026894461,-0.158980692975
60.0,0.407121140838,-0.544640463791,-0.144328740699
60.0,0.403141931678,-0.549900790026,-0.142167061741
60.0,0.389324469205,-0.547432299042,-0.155289310506
60.0,0.418383675879,-0.544052785016,-0.136318919577
60.0,0.416976172907,-0.56016071105,-0.121241825995
60.0,0.43881561904,-0.578326221212,-0.0865228408083
60.0,0.421822197086,-0.640002278537,-0.0380842517597
60.0,0.433825525923,-0.634746517634,-0.0341398742284
60.0,0.435574346224,-0.638090099055,-0.0294528698149
60.0,0.435729057069,-0.640543548989,-0.0268239917503
60.0,0.43141334477,-0.64367623465,-0.026929802405
60.0,0.410124662843,-0.639829022018,-0.0468548775908
60.0,0.388673312747,-0.650558224032,-0.0524140476117
60.0,0.407804093324,-0.661134913491,-0.0273045404148
60.0,0.40432879004,-0.630380970352,-0.0606046829893
60.0,0.408979718903,-0.608299264538,-0.0792371281894
60.0,0.410563029139,-0.595926848762,-0.0903513645288
60.0,0.418567827471,-0.629734154249,-0.050249444001
60.0,0.411184840578,-0.63754990691,-0.0480340958762
60.0,0.422144048814,-0.648175174687,-0.0290926546882
60.0,0.422083315544,-0.652155473598,-0.0251812226822
60.0,0.434155015721,-0.657865094845,-0.010086188063
60.0,0.440091257079,-0.640841969237,-0.0226351700239
60.0,0.440022968859,-0.640517936752,-0.0230101840029
60.0,0.433607218962,-0.632926306549,-0.03565625718
60.0,0.406026001131,-0.661823596558,-0.0280151398362
60.0,0.397167341693,-0.661983375575,-0.034655639965
60.0,0.40691983859,-0.673831321541,-0.0153056700727
60.0,0.406210431105,-0.650934046149,-0.0388796486462
60.0,0.388182062756,-0.70520479493,0.00139526051991
60.0,0.409956874032,-0.694269198276,0.0071559152527
60.0,0.385396186597,-0.612318657071,-0.0937344432029
60.0,0.412380816598,-0.553002642322,-0.132247554974
60.0,0.412767161861,-0.549139084037,-0.135824656571
60.0,0.407247852077,-0.54087118687,-0.148270378057
60.0,0.416873061962,-0.537780636531,-0.144168937923
60.0,0.419956864384,-0.529341715149,-0.150215189937
60.0,0.425865705257,-0.545221345055,-0.129750352395
60.0,0.404105390388,-0.552408597415,-0.138931233716
60.0,0.382631746164,-0.563397015123,-0.14425612352
60.0,0.416858082547,-0.591645344615,-0.0900061521095
60.0,0.417875229477,-0.564051743367,-0.116715201085
60.0,0.417932019883,-0.566232569296,-0.114481176975
60.0,0.409787098277,-0.553599963095,-0.133196575722
60.0,0.390921091163,-0.575562062631,-0.125486754337
60.0,0.379825656424,-0.575899861544,-0.13358287775
60.0,0.351804514359,-0.550549993508,-0.180185923192
60.0,0.351123406957,-0.55099127252,-0.180262237952
60.0,0.378227759511,-0.597390062832,-0.113336930882
60.0,0.369467684313,-0.610258453983,-0.107226822007
60.0,0.375974337608,-0.616445330372,-0.0960278253266
60.0,0.380798966758,-0.628323140723,-0.0803709470844
60.0,0.407652253846,-0.58952260052,-0.0990596774567
60.0,0.400370896912,-0.605951689466,-0.0882305247116
60.0,0.389421747875,-0.590933251138,-0.111659708686
60.0,0.387078964288,-0.589851478122,-0.114563195825
60.0,0.383433362056,-0.58806388852,-0.119216927196
60.0,0.386758228757,-0.585954575806,-0.118735308702
60.0,0.387068868097,-0.60056938713,-0.103759421455
60.0,0.368281074337,-0.609200021089,-0.109316883796
60.0,0.373822865486,-0.609089025991,-0.105223799636
60.0,0.371347502733,-0.603781254201,-0.112396418625
60.0,0.376414707397,-0.599104440177,-0.113412637679
60.0,0.362865457119,-0.623285315717,-0.0996930148541
60.0,0.380948134037,-0.633795577489,-0.0752744852206
60.0,0.38220206028,-0.643902294127,-0.0641642784201
60.0,0.381723132753,-0.643779820188,-0.0646452270167
60.0,0.38568465152,-0.64819146442,-0.0572943061803
60.0,0.383870924782,-0.653475108762,-0.0534443962943
60.0,0.392327885292,-0.65668212428,-0.0436682469927
60.0,0.391554773041,-0.660129731342,-0.0407912970338
60.0,0.386400991302,-0.654696246408,-0.0500949954239
60.0,0.38645753679,-0.654680613258,-0.050068169291
60.0,0.38163308228,-0.646313505261,-0.0620217400904
60.0,0.376816177532,-0.651733096541,-0.0602243444834
60.0,0.387484460561,-0.656633351218,-0.0472692445296
60.0,0.379933741676,-0.71071276783,0.000769164085813
60.0,0.392066648565,-0.701485211646,0.000857955799916
60.0,0.391539499632,-0.700274885194,-0.000758352877987
60.0,0.387607544537,-0.69106126319,-0.0132103925972
60.0,0.41165116925,-0.652965683707,-0.0327981120554
60.0,0.415147974884,-0.685324498003,0.00231294422098
60.0,0.403782330456,-0.682906137585,-0.00869160153261
60.0,0.411107171052,-0.684965938532,-0.00109216241689
60.0,0.407510538973,-0.672044407486,-0.01668681054
60.0,0.406124155777,-0.675217226741,-0.0145353398997
60.0,0.402138841323,-0.673347356404,-0.0193886952985
60.0,0.402706858186,-0.673285005724,-0.0190249385505
60.0,0.407228546292,-0.684071300936,-0.00491254064225
60.0,0.39799338072,-0.697798608862,0.00166384065767
60.0,0.413378887495,-0.701936356198,0.0176473444352
60.0,0.413935904067,-0.707363956192,0.0235216640156
60.0,0.412199626923,-0.706390237508,0.0212506018358
60.0,0.403027141601,-0.703238634401,0.0112555489276
60.0,0.395912904429,-0.709409268865,0.0120364871133
60.0,0.375942404616,-0.689932050054,-0.022571910726
60.0,0.370968348877,-0.69155407161,-0.0247206575245
60.0,0.364659350143,-0.684252324883,-0.0367928780457
60.0,0.356944187059,-0.68396180711,-0.0428820728539
60.0,0.36380733605,-0.680443690756,-0.0412065340585
60.0,0.366532886507,-0.714765286413,-0.00495536589091
60.0,0.350553085269,-0.728590914634,-0.00344772563572
60.0,0.37609919296,-0.741886790078,0.0295109026582
60.0,0.374673279491,-0.711152061431,-0.002401810797
60.0,0.374547866571,-0.713962315759,0.000298229669551
60.0,0.376910712546,-0.71646724538,0.00465725571556
60.0,0.376885749144,-0.71657024291,0.00474220214695
60.0,0.375339484637,-0.714338254708,0.00136776402924
60.0,0.388789450465,-0.705972855992,0.00302312878139
60.0,0.398049622447,-0.684601455366,-0.0112187336246
60.0,0.393737324577,-0.674198646268,-0.0249449164391
60.0,0.395927437781,-0.672664369891,-0.0247053238521
60.0,0.393353177365,-0.677642317013,-0.0216611707176
60.0,0.39498465546,-0.678944398948,-0.0191259958989
60.0,0.390446889989,-0.66833240054,-0.0331043801433
60.0,0.390630860503,-0.668085159098,-0.0332129398083
60.0,0.391084456459,-0.66888482928,-0.0320719334237
60.0,0.392000012957,-0.673301320208,-0.027080553822
60.0,0.381611525485,-0.686789436807,-0.021616881398
60.0,0.341061292993,-0.670351164382,-0.0692616581129
60.0,0.362943613697,-0.661001650016,-0.0618200998529
60.0,0.349818777076,-0.615250942721,-0.117698657793
60.0,0.340585299633,-0.643363342443,-0.0967883587111
60.0,0.344486163566,-0.642145910084,-0.095009586411
60.0,0.351500803784,-0.659702738837,-0.0720319317433
60.0,0.347083819308,-0.666013855409,-0.0690246601194
60.0,0.349088641486,-0.666271441297,-0.0672523519389
60.0,0.348409244028,-0.664792782636,-0.0692399551352
60.0,0.347022716988,-0.664619343087,-0.0704194765175
60.0,0.343342702413,-0.667339636868,-0.0704552935313
60.0,0.335780919113,-0.666579982932,-0.0769165300253
60.0,0.325552120377,-0.667174957926,-0.0840562229112
60.0,0.331121152949,-0.667714770023,-0.0792978381268
60.0,0.336890111578,-0.697967725012,-0.0447749885832
60.0,0.318317305881,-0.720352760472,-0.0366917755512
60.0,0.355773087653,-0.729039641894,0.000753596634739
60.0,0.356599378719,-0.837221732455,0.109782274684
60.0,0.367648350959,-0.829064255375,0.110021703599
60.0,0.335605955809,-0.747928162628,0.00460962306291
60.0,0.300962296415,-0.785331679475,0.0157167332909
60.0,0.34406388638,-0.785687472977,0.0488922292213
60.0,0.342302211719,-0.770399401555,0.0322848055241
60.0,0.344399843376,-0.775432654129,0.0389713762191
60.0,0.346657331197,-0.757056942949,0.0221036537816
60.0,0.338509875937,-0.774027479419,0.0327859554486
60.0,0.35093235868,-0.787377213463,0.0557051527031
60.0,0.351865617092,-0.793235363025,0.0623007199744
60.0,0.349670030279,-0.7937670041,0.0612109243773
60.0,0.342578303964,-0.795900389817,0.0580194115622
60.0,0.35968834273,-0.791515059087,0.0665834061241
60.0,0.359870332679,-0.786738471379,0.061960123173
60.0,0.367396271901,-0.801960742977,0.0830589659534
60.0,0.376646191683,-0.774252628289,0.0622828672601
60.0,0.376235935194,-0.780192576784,0.0678899346645
60.0,0.356227137133,-0.759023661767,0.0312044898128
60.0,0.354614833287,-0.760436221149,0.0313764229898
60.0,0.337958467552,-0.731776825361,-0.0101155885593
60.0,0.353137310677,-0.727667692926,-0.00249759844687
60.0,0.35108354912,-0.75138994263,0.0197327545135
60.0,0.339929299119,-0.747692134388,0.00759082256939
60.0,0.341424912219,-0.748338942372,0.00937040883697
60.0,0.331557552777,-0.726279532533,-0.0201001197237
60.0,0.314016478253,-0.746758270379,-0.0128856920932
60.0,0.312013002876,-0.746848440812,-0.0143187587878
60.0,0.320942640921,-0.76365766303,0.00925443148274
60.0,0.324037000693,-0.740283925727,-0.0116180415394
60.0,0.32204256177,-0.75116674563,-0.00222032604465
60.0,0.347425383931,-0.774270098111,0.0400617959477
60.0,0.345456384751,-0.780049196428,0.0443199686655
60.0,0.35700984087,-0.798035404341,0.0712130841513
60.0,0.354159497916,-0.778026009509,0.0489288511591
60.0,0.352257009066,-0.784828262768,0.054226720596
60.0,0.353220928356,-0.785206546331,0.0553538857343
60.0,0.349962862088,-0.775216391098,0.0427790128001
60.0,0.358632806982,-0.76053843609,0.0348637926843
60.0,0.357030184107,-0.771862763419,0.0450023664506
60.0,0.355549613476,-0.770680682925,0.0427000939988
60.0,0.368423681365,-0.788526158572,0.0702227854606
60.0,0.371394893557,-0.77987740989,0.0638775139556
60.0,0.380745962687,-0.802143320736,0.0933861841075
60.0,0.380471406238,-0.803040812056,0.0940792661898
60.0,0.389854329711,-0.815584927107,0.113681434326
60.0,0.393379770859,-0.800696068816,0.101556472919
60.0,0.396990073464,-0.822015815071,0.125734933155
60.0,0.394157486575,-0.824873399397,0.126454260331
60.0,0.397845062248,-0.82857906834,0.132949753258
60.0,0.396021909744,-0.819433241214,0.122467976111
60.0,0.401790462495,-0.80064729709,0.107886060425
60.0,0.403849977883,-0.795330918279,0.104160615576
60.0,0.388945957442,-0.769805200812,0.0671463996402
60.0,0.351252332252,-0.773671064333,0.041858853261
60.0,0.388834611009,-0.744189486287,0.0412032964611
60.0,0.400836741525,-0.778275920761,0.0845147080791
60.0,0.400612526154,-0.778621542311,0.0846932160801
60.0,0.402540030191,-0.780702776041,0.0882241857365
60.0,0.416951632582,-0.814796183048,0.132982052564
60.0,0.439194420011,-0.771704207796,0.106988799383
90.0,0.114512007373,-0.882316949925,-0.051227605306
90.0,0.116175525455,-0.861898969208,-0.0709244035946
90.0,0.119371819601,-0.84691206379,-0.0839544099959
90.0,0.11940293293,-0.845269843388,-0.085592121214
90.0,0.1194702054,-0.843493684253,-0.0872516761614
90.0,0.119811142091,-0.842047216115,-0.0885340829601
90.0,0.119745381266,-0.845798469128,-0.0849086529811
90.0,0.11959214552,-0.846288906405,-0.0845188092304
90.0,0.119628564771,-0.846420954826,-0.0843601863201
90.0,0.119618664922,-0.846328808909,-0.0844644384477
90.0,0.119722772005,-0.846188121336,-0.0844727145277
90.0,0.118791772022,-0.850050672107,-0.0810654776952
90.0,0.119084795273,-0.849673434657,-0.0812892696103
90.0,0.120462049703,-0.86560651821,-0.0648772318143
90.0,0.125531186155,-0.845384157671,-0.0820667346116
90.0,0.126743435738,-0.881321066356,-0.0452309104251
90.0,0.1264892094,-0.882245991164,-0.0444438624114
90.0,0.128070257164,-0.889635024906,-0.0362497917977
90.0,0.128208255589,-0.888471020908,-0.0373207586788
90.0,0.128652596519,-0.894350637439,-0.0310382953903
90.0,0.1287850082,-0.893831326348,-0.0314867832396
90.0,0.129092869735,-0.895759667319,-0.0294100997556
90.0,0.129083306183,-0.89615206498,-0.0290340827592
90.0,0.129096161091,-0.896144868723,-0.0290284489849
90.0,0.129097765886,-0.896070263678,-0.029110256846
90.0,0.129000070008,-0.89677950667,-0.0285610945672
90.0,0.131135817081,-0.889262794259,-0.0347309997208
90.0,0.131432782271,-0.88587508136,-0.0379731473225
90.0,0.131227509939,-0.880790829534,-0.0430903923003
90.0,0.133630243281,-0.872091420096,-0.0505378666545
90.0,0.136426700606,-0.848870409586,-0.0719824818349
90.0,0.134993256526,-0.86223019738,-0.0593761599108
90.0,0.137293220651,-0.863919240182,-0.0564379084193
90.0,0.13741721708,-0.859566702295,-0.0606828134723
90.0,0.137295271801,-0.861877138832,-0.058400439079
90.0,0.137926267359,-0.861064052812,-0.0589014979551
90.0,0.137555362063,-0.866154752624,-0.0540966809333
90.0,0.139067038456,-0.863821859731,-0.0554743999683
90.0,0.138827863387,-0.867462780698,-0.0519402238885
90.0,0.140402427719,-0.868871710291,-0.0497313797756
90.0,0.141477926591,-0.861805348257,-0.0561174273617
90.0,0.141510260925,-0.855033210679,-0.0629296377361
90.0,0.141031722936,-0.858493188511,-0.0597949817917
90.0,0.141241207625,-0.858464235293,-0.0596910639115
90.0,0.141826517648,-0.864076669258,-0.0536388472454
90.0,0.141066441161,-0.866969040319,-0.0511563859431
90.0,0.140649010921,-0.866048700296,-0.0523008423913
90.0,0.141726415905,-0.868332725082,-0.0494624689948
90.0,0.141005707767,-0.87427170819,-0.0440003952286
90.0,0.139031581736,-0.874987227668,-0.0445078000357
90.0,0.144105400965,-0.872839636526,-0.0435711062913
90.0,0.143045697196,-0.884089697258,-0.0328879145286
90.0,0.142011491277,-0.882379225546,-0.0351661699166
90.0,0.141993534983,-0.882349290077,-0.0352057957671
90.0,0.142113917198,-0.882905726218,-0.0345895284395
90.0,0.142052122403,-0.88166775216,-0.0358246973025
90.0,0.142921365849,-0.878493738923,-0.038564011465
90.0,0.142896129559,-0.878702313676,-0.0383718003005
90.0,0.142440992369,-0.876466811923,-0.040909321842
90.0,0.144526482296,-0.873224033873,-0.0428203267627
90.0,0.14357772608,-0.879022362475,-0.0375434548172
90.0,0.14570494834,-0.884489386529,-0.0309034083388
90.0,0.144911617156,-0.90326812676,-0.0127110929246
90.0,0.148377241372,-0.895911781834,-0.0179913219208
90.0,0.148584868875,-0.900695789821,-0.0130670282331
90.0,0.149120134746,-0.900493180853,-0.0130073701615
90.0,0.149351519934,-0.898531867164,-0.0148135517261
90.0,0.149508126019,-0.906356117751,-0.00679550431673
90.0,0.147128510531,-0.913556585676,-0.000920112578096
90.0,0.152482909974,-0.91998563397,0.00851253222632
90.0,0.152406190656,-0.921530637942,0.0100072776228
90.0,0.154032575361,-0.927646593355,0.0171432416847
90.0,0.155848131083,-0.91460249162,0.00506641766461
90.0,0.154811022031,-0.928654861432,0.0184498027301
90.0,0.15720062768,-0.928185767564,0.0194197683661
90.0,0.157420917744,-0.93527841697,0.026675252614
90.0,0.157509989222,-0.935162425386,0.0266066803159
90.0,0.157204700131,-0.933425160179,0.0247170474715
90.0,0.156533054924,-0.934243234176,0.0251890438571
90.0,0.161077970616,-0.930609872842,0.0240455502575
90.0,0.161261092716,-0.929321674267,0.0228675697342
90.0,0.161622843597,-0.931013392625,0.0247774487523
90.0,0.160370622789,-0.921854982344,0.0147888374102
90.0,0.158003601405,-0.929073375419,0.0205882417953
90.0,0.167765207145,-0.945142036775,0.0424735871289
90.0,0.167558032058,-0.947389230834,0.0446061954192
90.0,0.165863762998,-0.941178976468,0.0374461995826
90.0,0.164495214325,-0.939305747509,0.0348152924787
90.0,0.165544526221,-0.940277946677,0.036369812521
90.0,0.165922370304,-0.945371591094,0.0416483746817
90.0,0.16654381212,-0.943582543293,0.0402527577612
90.0,0.166511142608,-0.947016140845,0.0436948642598
90.0,0.166149815865,-0.94725196248,0.0437363434512
90.0,0.164227326356,-0.943995857028,0.0394409932529
90.0,0.173753216273,-0.929685440666,0.0304965430409
90.0,0.174814367326,-0.917139773568,0.0185923860811
90.0,0.175051321715,-0.918482305481,0.0200769229431
90.0,0.172975339167,-0.906053609306,0.00625236706885
90.0,0.185095242565,-0.869142598844,-0.0235137884996
90.0,0.184810257507,-0.865851678805,-0.0269756397435
90.0,0.18465650823,-0.865145891622,-0.0277638997501
90.0,0.183708148259,-0.864025091018,-0.0293525772388
90.0,0.185842388073,-0.860045841867,-0.0321346821238
90.0,0.184161074563,-0.845840755886,-0.0472591345962
90.0,0.184165954839,-0.845819103223,-0.0472781473165
90.0,0.18378957562,-0.844395806488,-0.0489083682885
90.0,0.184287315562,-0.844924547613,-0.0481182344376
90.0,0.184432094609,-0.84201059452,-0.0509160098846
90.0,0.185378297438,-0.825550907275,-0.0669766620954
90.0,0.190105277583,-0.804476669669,-0.0852445516462
90.0,0.193987601873,-0.833984478815,-0.0534210722055
90.0,0.187503897783,-0.838830775904,-0.0522071273582
90.0,0.194541953733,-0.836026452173,-0.0509822280524
90.0,0.195696653838,-0.843395044235,-0.042959196435
90.0,0.195068491886,-0.843690786562,-0.0430800342018
90.0,0.193239137125,-0.845832437471,-0.0420432623858
90.0,0.191868692977,-0.844401251611,-0.0442903166184
90.0,0.18837759463,-0.837111976734,-0.0536668889779
90.0,0.186804819747,-0.837346670237,-0.0543668982697
90.0,0.179481506386,-0.820924944356,-0.0751401123163
90.0,0.190609004586,-0.812522423107,-0.0769922822142
90.0,0.191182397182,-0.824468750263,-0.0646913073426
90.0,0.197983266914,-0.84017185131,-0.0451494756281
90.0,0.198986998302,-0.830758706103,-0.0539498877699
90.0,0.20328521951,-0.858864669083,-0.0232581280662
90.0,0.209553310677,-0.844924489545,-0.0336553049706
90.0,0.207710891623,-0.811655912698,-0.0679150444578
90.0,0.207892096859,-0.797393018509,-0.0821206834011
90.0,0.206334206635,-0.777065369672,-0.103273931515
90.0,0.206250252893,-0.777735958466,-0.102649138234
90.0,0.202594856437,-0.766288842127,-0.116162218598
90.0,0.204576930652,-0.765009431044,-0.116323758137
90.0,0.210770994515,-0.809525747124,-0.0683928810586
90.0,0.21036192861,-0.810267673622,-0.0678908974277
90.0,0.195305413929,-0.762912988644,-0.124063415524
90.0,0.205053580485,-0.760439892003,-0.120805017329
90.0,0.200766194015,-0.701936797966,-0.181917716717
90.0,0.205952519457,-0.647170343789,-0.233548559227
90.0,0.208642287287,-0.728400703908,-0.150620106644
90.0,0.203734470547,-0.724471069962,-0.157368224785
90.0,0.220706042503,-0.764427044921,-0.107688171611
90.0,0.221365210538,-0.740959989201,-0.130700339655
90.0,0.221458232685,-0.742298970921,-0.129303327829
