ID_planta,SP,b0,a0,a1
3,20.0,0.0346655800301,-1.51862851232,0.565665297817
3,20.0,0.0347317161638,-1.51792637038,0.564931983733
3,20.0,0.034748122565,-1.51704610348,0.564164270082
3,20.0,0.0347150820794,-1.51745041252,0.564635068052
3,20.0,0.034794229857,-1.5167526917,0.563916200604
3,20.0,0.0348107437164,-1.5157476163,0.563021844516
3,20.0,0.0347957607539,-1.5159045825,0.563208797702
3,20.0,0.0348030028474,-1.51587033717,0.563165358086
3,20.0,0.0347923883941,-1.51558716282,0.562943646258
3,20.0,0.0348078152914,-1.51550248419,0.562842688207
3,20.0,0.0347989300293,-1.51493534123,0.562375991992
3,20.0,0.0348043100123,-1.51488913406,0.562327208694
3,20.0,0.0348037121493,-1.51488128516,0.562320716232
3,20.0,0.034790703933,-1.51460753197,0.562105861578
3,20.0,0.0347873647616,-1.51462445846,0.562125804784
3,20.0,0.0347795187775,-1.5145569913,0.562074767702
3,20.0,0.0347696639149,-1.51450246111,0.562040737986
3,20.0,0.0347602580191,-1.51447835429,0.562033083461
3,20.0,0.034743662115,-1.5144206278,0.562004917665
3,20.0,0.0347793794654,-1.51439213655,0.561940348095
3,20.0,0.0348067827416,-1.5127709475,0.560529846418
3,20.0,0.0348059722857,-1.51278171582,0.560540638627
3,20.0,0.0348197565379,-1.51286747171,0.560613176264
3,20.0,0.0348161964375,-1.51258878092,0.560368842164
3,20.0,0.0347929516606,-1.51253299365,0.560377396401
3,20.0,0.0348294448992,-1.51226808009,0.560099540625
3,20.0,0.0348253972722,-1.51144271885,0.559372689563
3,20.0,0.0348377137042,-1.51134665103,0.559270072593
3,20.0,0.0348333020454,-1.51123947711,0.55917964592
3,20.0,0.0348188419787,-1.51112697076,0.559112664466
3,20.0,0.034842600636,-1.51101391501,0.558977956021
3,20.0,0.0348438540294,-1.51034500137,0.55840796771
3,20.0,0.0348482526504,-1.51030184926,0.558361515666
3,20.0,0.0348354612939,-1.51013390311,0.558232054557
3,20.0,0.0348362221269,-1.51013200829,0.558229341251
3,20.0,0.0348336244799,-1.51009381993,0.558199114153
3,20.0,0.034816704261,-1.50988970968,0.558062351627
3,20.0,0.0348499270213,-1.50964017208,0.557798764215
3,20.0,0.0348476908129,-1.50882826103,0.557087923577
3,20.0,0.0348726427773,-1.50860926748,0.556857730391
3,20.0,0.0348700427455,-1.50842090887,0.556695108093
3,20.0,0.0348604870121,-1.50838484002,0.556692604046
3,20.0,0.0348625351837,-1.50837598138,0.556680782014
3,20.0,0.0348451478803,-1.50808819509,0.556468880417
3,20.0,0.0349252604001,-1.5074363872,0.555797376027
3,20.0,0.0349825141141,-1.50503616725,0.553649846055
3,20.0,0.0349829808552,-1.50502903844,0.553642730765
3,20.0,0.034989815711,-1.50506797337,0.553675658579
3,20.0,0.0349785429853,-1.50465943198,0.553317844009
3,20.0,0.0349927383442,-1.50461083924,0.553257555465
3,20.0,0.0349853204564,-1.50414390466,0.552859319926
3,20.0,0.0349867034678,-1.50413421274,0.552848641716
3,20.0,0.0349886703234,-1.50415850703,0.552868130567
3,20.0,0.0349784895778,-1.50377505542,0.552566140981
3,20.0,0.0350053155514,-1.50353011649,0.552311583821
3,20.0,0.0350021743606,-1.50326563311,0.552080757598
3,20.0,0.0349911982388,-1.50326540611,0.55210776448
3,20.0,0.0350072511604,-1.5032141347,0.552036331106
3,20.0,0.0350095287506,-1.50240685201,0.551360147849
3,20.0,0.0350412558228,-1.50202761322,0.550979316206
3,20.0,0.0350462101501,-1.50223913894,0.551167490333
3,20.0,0.0350596851829,-1.50120040309,0.550308596554
3,20.0,0.0351072595798,-1.50054779366,0.549665508725
3,20.0,0.0351050664301,-1.50045702686,0.549582759329
3,20.0,0.0350932088053,-1.50020951735,0.54938602585
3,20.0,0.0350982958086,-1.50017965462,0.54935267013
3,20.0,0.0350923399732,-1.50006627464,0.549258089822
3,20.0,0.0350847374798,-1.50003770656,0.549245963518
3,20.0,0.0350902048294,-1.50004655755,0.549245123274
3,20.0,0.0350858105396,-1.49980370322,0.549051342129
3,20.0,0.0350738151836,-1.49988899452,0.549152750366
3,20.0,0.0350580326618,-1.49991013508,0.549191185511
3,20.0,0.0350970003935,-1.49990929725,0.549160723806
3,20.0,0.0351313605959,-1.49825391812,0.547694409308
3,20.0,0.0351400839276,-1.49812416901,0.547564405791
3,20.0,0.0351577091795,-1.49830914193,0.547723949468
3,20.0,0.0351758388376,-1.49681008559,0.546415926283
3,20.0,0.0352283826061,-1.49610569352,0.545727930103
3,20.0,0.0352360600668,-1.49641896365,0.54601817517
3,20.0,0.0352483241014,-1.49526823291,0.545021296742
3,20.0,0.0352524563034,-1.49521391698,0.544967351556
3,20.0,0.0352671156743,-1.4953505771,0.545090467652
3,20.0,0.0352649227069,-1.49469210297,0.544505910048
3,20.0,0.0352594904658,-1.49473576488,0.544553145237
3,20.0,0.0352585778061,-1.49473053784,0.544549234543
3,20.0,0.035250425253,-1.49459365013,0.544438763458
3,20.0,0.0352674776519,-1.49457598118,0.544396901664
3,20.0,0.0352797770336,-1.49364967427,0.543612350725
3,20.0,0.0353323925663,-1.49292205752,0.542884098604
3,20.0,0.0353341251554,-1.49238436075,0.542402998567
3,20.0,0.0353334383183,-1.49238893966,0.542408730613
3,20.0,0.0353108132409,-1.4921800655,0.54228011136
3,20.0,0.0354012369806,-1.49129776406,0.54141407705
3,20.0,0.0354036624248,-1.49112634325,0.541257005887
3,20.0,0.0354095708745,-1.49091846371,0.541161424038
3,20.0,0.0354240558917,-1.4906900426,0.540929467269
3,20.0,0.0354310789893,-1.49083150338,0.54104896277
3,20.0,0.0354412947845,-1.49005151964,0.540402358805
3,20.0,0.0354537171735,-1.48987724987,0.540228103344
3,20.0,0.0354605131501,-1.48997854758,0.54031811867
3,20.0,0.0354576890436,-1.48955844698,0.539956496951
3,20.0,0.0354619553968,-1.48952357673,0.539917844533
3,20.0,0.0354518882913,-1.48933440712,0.539766006324
3,20.0,0.0354377609967,-1.48940113379,0.539843896191
3,20.0,0.0354812089649,-1.48943530683,0.539848062515
3,20.0,0.0355368416451,-1.4872356433,0.537885024112
3,20.0,0.0355187146768,-1.48754011083,0.538185281526
3,20.0,0.0355600383927,-1.48760603764,0.538248039052
3,20.0,0.0355623458106,-1.48683149075,0.537534944785
3,20.0,0.0355527573148,-1.48688484625,0.537600503774
3,20.0,0.0355624765373,-1.4868871659,0.537591666417
3,20.0,0.0355588511651,-1.48648670139,0.537251356884
3,20.0,0.0355713960372,-1.4863747362,0.537130505297
3,20.0,0.0355679223577,-1.48617952379,0.536965306192
3,20.0,0.0355593511605,-1.48620767675,0.537010499113
3,20.0,0.0355624447868,-1.48620181556,0.537000688599
3,20.0,0.0355610686677,-1.48616739695,0.536972936654
3,20.0,0.0355493542707,-1.4860295342,0.536896915695
3,20.0,0.0355651818882,-1.48587227155,0.536736861902
3,20.0,0.0355672867053,-1.48593889839,0.536796139856
3,20.0,0.035565164794,-1.48565063512,0.536561868387
3,20.0,0.0355619145733,-1.48568264033,0.536597000146
3,20.0,0.0355620709103,-1.48568345746,0.536597529733
3,20.0,0.0355569075164,-1.48558420211,0.536520533106
3,20.0,0.0355395628181,-1.4856164403,0.536583616467
3,20.0,0.0356013883787,-1.4852659391,0.536214783444
3,20.0,0.0356517781772,-1.48341347975,0.534548545353
3,20.0,0.0356282210984,-1.48387401489,0.535016274234
3,20.0,0.0356605518986,-1.4837382269,0.534876578304
3,20.0,0.0356596321414,-1.4831190864,0.534312850705
3,20.0,0.0356617484194,-1.48310552836,0.534297355092
3,20.0,0.0356601377869,-1.48307936049,0.534276230674
3,20.0,0.0356490389545,-1.48293784545,0.534180809487
3,20.0,0.0356763092018,-1.48271788436,0.533950908904
3,20.0,0.035678282826,-1.48206015886,0.533367220988
3,20.0,0.0356874619383,-1.48196384799,0.533266135053
3,20.0,0.0356782839558,-1.48170894148,0.533049259823
3,20.0,0.0357147207372,-1.48151593505,0.532833647724
3,20.0,0.0357495411756,-1.47998863993,0.531480522065
3,20.0,0.0357728559724,-1.47960142661,0.53109623775
3,20.0,0.0357728460864,-1.4796011802,0.531096015041
3,20.0,0.0357619990675,-1.47926715808,0.530820658451
3,20.0,0.0357899602567,-1.47901860409,0.530568843355
3,20.0,0.0357861793834,-1.47844927688,0.530055127381
3,20.0,0.0358215023537,-1.47819127064,0.529777414648
3,20.0,0.035848911994,-1.47687085526,0.528608818636
3,20.0,0.0358388293691,-1.47703525607,0.528772898978
3,20.0,0.0358716962503,-1.47711961212,0.528845538552
3,20.0,0.0358766488216,-1.47667693339,0.528443971465
3,20.0,0.0358619095773,-1.47680431834,0.52863578145
3,20.0,0.0359312966363,-1.47599434301,0.527832875669
3,20.0,0.0359504824065,-1.47485707023,0.526796494059
3,20.0,0.0359542675805,-1.47479809775,0.526733964902
3,20.0,0.0359471821576,-1.4746947787,0.5266573535
3,20.0,0.0359593639256,-1.47463979399,0.52658958779
3,20.0,0.0359593447791,-1.47429417669,0.526294610038
3,20.0,0.0359537367655,-1.47435207626,0.526358533375
3,20.0,0.0359669602798,-1.47437797591,0.526366372681
3,20.0,0.0359741938377,-1.47373863907,0.525816249495
3,20.0,0.0359643202979,-1.47387681443,0.525957445605
3,20.0,0.0359814191801,-1.47390535356,0.525976316294
3,20.0,0.0359807271826,-1.47331435188,0.525447185003
3,20.0,0.036000725908,-1.47312440735,0.525247219402
3,20.0,0.0360007457802,-1.47276178475,0.524929161238
3,20.0,0.0359995022054,-1.472772788,0.52494183862
3,20.0,0.0359942356214,-1.47273302433,0.524915750602
3,20.0,0.0359939002363,-1.47273284736,0.52491613322
3,20.0,0.0359937701127,-1.47273096838,0.524914716349
3,20.0,0.0359830149787,-1.47249928008,0.524757045744
3,20.0,0.0360595187957,-1.47161835157,0.52389190599
3,20.0,0.0360816390403,-1.47031149332,0.522692731006
3,20.0,0.0360865615737,-1.47023274082,0.522610481834
3,20.0,0.036089292877,-1.47027710033,0.522645500451
3,20.0,0.0360889863718,-1.4698577827,0.522317257649
3,20.0,0.0361483564124,-1.46905971777,0.521527230602
3,20.0,0.0361555343711,-1.46846699593,0.520986052045
3,20.0,0.0361358537267,-1.46870203945,0.521274095557
3,20.0,0.0362069008219,-1.4679334078,0.520522443081
3,20.0,0.0362053480192,-1.46805309855,0.520632795095
3,20.0,0.0362283695208,-1.46764613682,0.520367842863
3,20.0,0.0362340706758,-1.46753727138,0.520259839715
3,20.0,0.0362582971876,-1.46774950116,0.52045326104
3,20.0,0.0362683429952,-1.46716224645,0.519925788913
3,20.0,0.0362543508685,-1.46740827428,0.520207058369
3,20.0,0.0362617473328,-1.46733532251,0.520133101009
3,20.0,0.0362672857703,-1.46744424558,0.520231443104
3,20.0,0.036267252416,-1.46700339396,0.519852131577
3,20.0,0.0362615102799,-1.46707016097,0.519921339033
3,20.0,0.0362587078003,-1.46705831936,0.519911915009
3,20.0,0.0362655234768,-1.46714139432,0.519983337061
3,20.0,0.0362664871564,-1.4666588751,0.519569835456
3,20.0,0.0362744352445,-1.4665597848,0.519468618089
3,20.0,0.0362745729896,-1.46656271644,0.519471194199
3,20.0,0.0362731167567,-1.46651920366,0.519436506504
3,20.0,0.0362596419404,-1.46645482798,0.519431714708
3,20.0,0.0363527963106,-1.46542293513,0.518419366839
3,20.0,0.0363857751224,-1.46413269098,0.517236558108
3,20.0,0.0363738786281,-1.46457059837,0.517715884691
3,20.0,0.036397496674,-1.46426725152,0.517410286121
3,20.0,0.0363995763142,-1.46449060698,0.517611717632
3,20.0,0.0364333114985,-1.46333114129,0.516669651507
3,20.0,0.0365815116958,-1.46087560134,0.514321375082
3,20.0,0.0365811892404,-1.46104749688,0.514485267021
3,20.0,0.0365882026899,-1.46068722211,0.514185938257
3,20.0,0.0365900532946,-1.46065386929,0.514150154522
3,20.0,0.0365864722514,-1.46061276473,0.514122889019
3,20.0,0.0365911202331,-1.46060686497,0.514107463532
3,40.0,0.0402218404885,-1.57350095178,0.610628254248
3,40.0,0.0402206351452,-1.57377414512,0.610838115702
3,40.0,0.0403483012773,-1.57187358294,0.6092534466
3,40.0,0.040426692073,-1.57080853658,0.608214001808
3,40.0,0.0404522845223,-1.57114260691,0.608498963933
3,40.0,0.0405413176981,-1.56907846356,0.606661311331
3,40.0,0.0405326052925,-1.56918319277,0.606764931141
3,40.0,0.0406124781454,-1.56914477563,0.606678144914
3,40.0,0.040784013478,-1.56573099568,0.603588193791
3,40.0,0.04070758386,-1.56675673365,0.60460086177
3,40.0,0.0408083085465,-1.5661448371,0.603996456952
3,40.0,0.0408018802887,-1.56641749552,0.604246101335
3,40.0,0.0408397617491,-1.56554524902,0.603524697349
3,40.0,0.0408953336842,-1.5648541641,0.602832779519
3,40.0,0.0408938847062,-1.56506510525,0.603011320461
3,40.0,0.0409359463212,-1.56423124226,0.602336677286
3,40.0,0.0409690430415,-1.56380091857,0.601907233104
3,40.0,0.0409746934086,-1.56390322598,0.601987416005
3,40.0,0.0409875218036,-1.56347200071,0.601631713803
3,40.0,0.0410157026707,-1.56316365611,0.601303767997
3,40.0,0.041026916527,-1.56282492249,0.601027631696
3,40.0,0.041027202908,-1.5628216748,0.60102406976
3,40.0,0.0410235098805,-1.5628177042,0.601033489425
3,40.0,0.0410248934122,-1.56281295617,0.601025326486
3,40.0,0.0410243296514,-1.56280119358,0.601019575553
3,40.0,0.0410270987122,-1.56280566494,0.601003910735
3,40.0,0.0410456676369,-1.56246643654,0.600775092996
3,40.0,0.0410801564177,-1.56201558839,0.600320638821
3,40.0,0.041080481775,-1.56204899632,0.600347453114
3,40.0,0.0410824552816,-1.56190018444,0.600243692526
3,40.0,0.0410874013521,-1.56184921124,0.600187384641
3,40.0,0.0410885391028,-1.5618677418,0.600197127615
3,40.0,0.0410908765752,-1.56174939801,0.600123162132
3,40.0,0.0410911456495,-1.56174637132,0.600119836025
3,40.0,0.0410861948341,-1.56174015826,0.600131333129
3,40.0,0.0410928061225,-1.56170594227,0.600086030848
3,40.0,0.0410936017924,-1.56160110329,0.600008782438
3,40.0,0.0410944124177,-1.56159460368,0.600000613849
3,40.0,0.0410943689397,-1.56159429304,0.600000599576
3,40.0,0.0410913912207,-1.56155783426,0.600001985494
3,40.0,0.0411034884612,-1.56143445067,0.599867904397
3,40.0,0.0411037248795,-1.56138617158,0.599831936748
3,40.0,0.0410993059979,-1.56139750314,0.599866275036
3,40.0,0.0411128364629,-1.56128074118,0.599730612099
3,40.0,0.0411267696209,-1.560895474,0.599425847049
3,40.0,0.0411595781226,-1.56050222346,0.599022223667
3,40.0,0.0411644966593,-1.56028892165,0.598844548402
3,40.0,0.0411677025582,-1.56026180231,0.59881162589
3,40.0,0.0411660212272,-1.56020320426,0.598780803985
3,40.0,0.0411712900779,-1.56015715375,0.598727436019
3,40.0,0.0411712200319,-1.56015237449,0.598724347308
3,40.0,0.0411686337184,-1.56010838932,0.598724315472
3,40.0,0.0411841160099,-1.55994086274,0.598547821697
3,40.0,0.0411841459689,-1.55992701202,0.598537041033
3,40.0,0.0411832473583,-1.55990542272,0.598530935561
3,40.0,0.0411745997768,-1.55997588392,0.598626227126
3,40.0,0.0411971360207,-1.55977510395,0.598407794373
3,40.0,0.0412068545982,-1.55949811957,0.598175326212
3,40.0,0.0411966611464,-1.55961317326,0.598306007668
3,40.0,0.0412090063446,-1.55951821469,0.598199884569
3,40.0,0.0412096072496,-1.55947205597,0.598162866262
3,40.0,0.0412056887293,-1.55946173195,0.598183967264
3,40.0,0.0412329548376,-1.55919005468,0.597889571946
3,40.0,0.0412516000889,-1.5587947797,0.597553827912
3,40.0,0.0412386269234,-1.55898095122,0.597756912393
3,40.0,0.0412707346338,-1.55869116562,0.597445943171
3,40.0,0.0413032261555,-1.55796236436,0.596816045244
3,40.0,0.0413119205555,-1.55784948606,0.596700969214
3,40.0,0.0413210833717,-1.55792159237,0.596743706507
3,40.0,0.0413533202062,-1.55726144158,0.59618295751
3,40.0,0.0413564845884,-1.55721849743,0.596139303604
3,40.0,0.0413622595624,-1.55722617181,0.596135800267
3,40.0,0.0413634268199,-1.55715192784,0.596075964511
3,40.0,0.0413561320625,-1.5571819278,0.596138474213
3,40.0,0.0413913893307,-1.55683530673,0.595774268146
3,40.0,0.0414150104064,-1.55628661415,0.595297981968
3,40.0,0.0414167893015,-1.5562632541,0.59527336792
3,40.0,0.041417209312,-1.55626398672,0.595272734145
3,40.0,0.0414152635556,-1.5562242636,0.595252356197
3,40.0,0.0414201966516,-1.55618727019,0.595207415805
3,40.0,0.0414207155284,-1.55607186479,0.595126540594
3,40.0,0.0414250062443,-1.55602923407,0.595080227568
3,40.0,0.0414240730016,-1.55601340242,0.595070318098
3,40.0,0.0414209336347,-1.556006715,0.595077406656
3,40.0,0.0414292903879,-1.55595664494,0.595012638011
3,40.0,0.0414383414784,-1.55569543863,0.594805520738
3,40.0,0.0414464923777,-1.55559746657,0.594703258485
3,40.0,0.0414489530761,-1.55565355419,0.594741344602
3,40.0,0.0414672389499,-1.55525442537,0.594424524772
3,40.0,0.041531018284,-1.55442919356,0.59359403037
3,40.0,0.0415677957557,-1.55364189268,0.592898296804
3,40.0,0.0415761571178,-1.55352402173,0.592776678966
3,40.0,0.0415766266349,-1.55353071633,0.592780485386
3,40.0,0.0415762084115,-1.55347887204,0.592750409936
3,40.0,0.0415789079363,-1.55345334544,0.592720740531
3,40.0,0.041577558827,-1.55341818906,0.592701997212
3,40.0,0.041576945241,-1.55342277925,0.592707725987
3,40.0,0.0415765212781,-1.5534218337,0.592708476338
3,40.0,0.0415768899524,-1.55342398737,0.592708358621
3,40.0,0.0415753425021,-1.55333641517,0.592675019147
3,40.0,0.0416309860568,-1.55270286907,0.592038705383
3,40.0,0.0416575293745,-1.55201665754,0.591428320141
3,40.0,0.0416840255938,-1.55169241231,0.591092557837
3,40.0,0.0416889650564,-1.55156101474,0.5909812617
3,40.0,0.041689759254,-1.55155093997,0.59096693553
3,40.0,0.0416905496685,-1.55150564124,0.590982871175
3,40.0,0.0417580510276,-1.5506704375,0.590149652205
3,40.0,0.0417637453309,-1.55053418393,0.590027879601
3,40.0,0.0417673826707,-1.55052021693,0.590064054093
3,40.0,0.0417844568816,-1.55028466007,0.589823859542
3,40.0,0.0417845190832,-1.55035761261,0.589881026104
3,40.0,0.0417996452084,-1.55005980263,0.589649981382
3,40.0,0.0418399206316,-1.54951323882,0.589095160237
3,40.0,0.0418531494338,-1.54920536146,0.588828195503
3,40.0,0.041839471391,-1.54940174761,0.589049206555
3,40.0,0.0418769743575,-1.54901435325,0.588654573124
3,40.0,0.0418913246364,-1.54860176861,0.588290306504
3,40.0,0.0419059229149,-1.54843522524,0.588109799758
3,40.0,0.0419192160199,-1.54811176017,0.587844468041
3,40.0,0.0419494434006,-1.5477219692,0.587444288086
3,40.0,0.0419662165638,-1.5473112075,0.587091607378
3,40.0,0.0419616562829,-1.54737057164,0.587153359166
3,40.0,0.0419759765714,-1.547324706,0.587089439616
3,40.0,0.0419937639966,-1.54689482157,0.58671840458
3,40.0,0.0419985250525,-1.54683206871,0.586653119646
3,40.0,0.042002016516,-1.5468677579,0.586672672251
3,40.0,0.0420113559604,-1.5466611204,0.586505345442
3,40.0,0.0419940168038,-1.54690572777,0.586768558245
3,40.0,0.0420460194209,-1.54640980726,0.586266068947
3,40.0,0.0420734811066,-1.54577564678,0.585696014194
3,40.0,0.0420703839632,-1.54582112015,0.585744672703
3,40.0,0.0420729077786,-1.54580744602,0.585726422619
3,40.0,0.0420723141785,-1.54574743492,0.585685196182
3,40.0,0.0420766079619,-1.54571096993,0.585642866427
3,40.0,0.0420766221611,-1.54568276128,0.585622628745
3,40.0,0.0420731298366,-1.54569788685,0.585653788487
3,40.0,0.0420811930526,-1.54562464996,0.585572027941
3,40.0,0.0420868516121,-1.54534531812,0.585350597262
3,40.0,0.0421667491679,-1.5444326355,0.584440148926
3,40.0,0.0422304113441,-1.54316854595,0.583295116556
3,40.0,0.042233291489,-1.54312089859,0.583246741727
3,40.0,0.042230822644,-1.54312263758,0.583253880745
3,40.0,0.0422380141087,-1.543117839,0.583233952357
3,40.0,0.0422570352323,-1.54265220569,0.582844665869
3,40.0,0.0423317386874,-1.54169055459,0.581888142893
3,40.0,0.0423498359741,-1.54131189879,0.581546592075
3,40.0,0.0423474265644,-1.54143544258,0.581702693526
3,40.0,0.0423581840927,-1.54128368423,0.581547356816
3,40.0,0.0423583791091,-1.54129439605,0.58155538928
3,40.0,0.0423583668236,-1.54129605609,0.581556431558
3,40.0,0.0423586418873,-1.54127694056,0.581558754031
3,40.0,0.0423638672257,-1.54121111091,0.581486912389
3,40.0,0.0423644409695,-1.54111650524,0.581422091731
3,40.0,0.0423823817736,-1.54092248953,0.581218354699
3,40.0,0.0423910950066,-1.54066404644,0.580997805737
3,40.0,0.0423950433026,-1.54061642394,0.580947021831
3,40.0,0.0423939404495,-1.54059290331,0.580932090627
3,40.0,0.0423916033422,-1.54060223388,0.580947227383
3,40.0,0.0423966545438,-1.54058499483,0.580919577451
3,40.0,0.0423967297704,-1.54058270421,0.58091773943
3,40.0,0.0423998468616,-1.54054267196,0.580925644911
3,40.0,0.0424366232163,-1.54005619365,0.580438017132
3,40.0,0.0424447744181,-1.53980519107,0.580216967668
3,40.0,0.0424427557461,-1.53982763698,0.580242637131
3,40.0,0.0424485393197,-1.5398061546,0.580208078761
3,40.0,0.0424624753449,-1.5394807075,0.579942496203
3,40.0,0.0424873985808,-1.53915176128,0.579612274671
3,40.0,0.0424856823389,-1.53926453224,0.57970962579
3,40.0,0.0425079358454,-1.53886583903,0.579389572576
3,40.0,0.0425637826311,-1.53808107126,0.578612179111
3,40.0,0.0425824142383,-1.53757384844,0.578157968997
3,40.0,0.0425869575565,-1.53751634859,0.578097970522
3,40.0,0.0425865434919,-1.53750924038,0.578093224458
3,40.0,0.0425871155582,-1.53751351273,0.578094227539
3,40.0,0.0425876729836,-1.53743851404,0.578050507143
3,40.0,0.0425995634778,-1.53730008983,0.577907865725
3,40.0,0.0425993396469,-1.53735439517,0.57795278736
3,40.0,0.0426073709554,-1.53717637881,0.577816483829
3,40.0,0.0426242912138,-1.5369453731,0.577579311387
3,40.0,0.0426252321964,-1.5369115324,0.577551001526
3,40.0,0.0426239368491,-1.53690935294,0.57758011331
3,40.0,0.0426446867251,-1.53665562167,0.57732171102
3,40.0,0.0426473522522,-1.53654998328,0.577230522525
3,40.0,0.0426435900241,-1.53657876566,0.577272295799
3,40.0,0.0426543542739,-1.53648094643,0.577164812571
3,40.0,0.0426613437232,-1.53627365814,0.576990571748
3,40.0,0.0426559617854,-1.53634050756,0.577061432939
3,40.0,0.0426756618245,-1.53624579008,0.576947597141
3,40.0,0.0427082651156,-1.53560629758,0.57638124405
3,40.0,0.0427063326599,-1.53563796602,0.576413517417
3,40.0,0.0427211757965,-1.53558465746,0.576340531438
3,40.0,0.0427621971235,-1.53479129851,0.575643907042
3,40.0,0.0427853049191,-1.53444758725,0.575303541309
3,40.0,0.0427874675587,-1.53458102602,0.575417817337
3,40.0,0.0428178617828,-1.53396086959,0.574883803328
3,40.0,0.042834417994,-1.53372792134,0.574654011603
3,40.0,0.0428444917959,-1.53389674882,0.574798381434
3,40.0,0.0428929161251,-1.53292237835,0.573929441581
3,40.0,0.0429163015854,-1.53257183396,0.573582740063
3,40.0,0.0429198830878,-1.53277303262,0.573755744295
3,40.0,0.0429809199068,-1.53169254941,0.572806242002
3,60.0,0.167197187609,-0.69648397063,-0.17547319832
3,60.0,0.167202395859,-0.696451954368,-0.175506754076
3,60.0,0.167197455204,-0.696490115985,-0.175486557801
3,60.0,0.167175215834,-0.696559719485,-0.175482165014
3,60.0,0.16719290908,-0.696491937649,-0.175524788038
3,60.0,0.167198478234,-0.696403417769,-0.175628115915
3,60.0,0.167227096854,-0.696287678374,-0.175685727395
3,60.0,0.167253225338,-0.696120337009,-0.175857844598
3,60.0,0.167318189552,-0.695739331239,-0.176123220269
3,60.0,0.167320648425,-0.695725688707,-0.176136156563
3,60.0,0.167323024528,-0.695691609909,-0.176160829902
3,60.0,0.167323377753,-0.695689582175,-0.176163959064
3,60.0,0.167322220564,-0.695695187765,-0.176165662653
3,60.0,0.167316391351,-0.69570983827,-0.176173970253
3,60.0,0.167310035239,-0.69573028375,-0.176167071062
3,60.0,0.16730344742,-0.695729836215,-0.176189162867
3,60.0,0.167316104746,-0.69569674727,-0.17619467768
3,60.0,0.167302459325,-0.695813501745,-0.176060748328
3,60.0,0.167309503412,-0.695781654928,-0.176096398845
3,60.0,0.167310042532,-0.69577796211,-0.176098535699
3,60.0,0.167309895098,-0.695766446094,-0.176122631015
3,60.0,0.167318208221,-0.695735943288,-0.176132687068
3,60.0,0.167339369769,-0.695557460284,-0.176346748187
3,60.0,0.167398541427,-0.695279564871,-0.176550785983
3,60.0,0.167400473172,-0.695263173106,-0.176567548003
3,60.0,0.1674001156,-0.695265511055,-0.176566464393
3,60.0,0.167398704474,-0.69526010449,-0.176587036765
3,60.0,0.167395584947,-0.695271356838,-0.176582863511
3,60.0,0.167392455161,-0.695266766506,-0.176601315222
3,60.0,0.167408495114,-0.695224180774,-0.176604315192
3,60.0,0.167416753418,-0.695171416992,-0.176659376713
3,60.0,0.167420905385,-0.695144372998,-0.176675733898
3,60.0,0.167418728951,-0.695163885842,-0.176649511752
3,60.0,0.167411815913,-0.695201264976,-0.176579159158
3,60.0,0.167500224598,-0.694783396746,-0.176990227837
3,60.0,0.167572191055,-0.694389082675,-0.177303117974
3,60.0,0.167504171459,-0.694975797944,-0.176710981096
3,60.0,0.167509689024,-0.694952080219,-0.176733149276
3,60.0,0.167508768243,-0.69496644942,-0.176722385474
3,60.0,0.167506270474,-0.694973350011,-0.176737850838
3,60.0,0.167483206176,-0.695066003239,-0.176685672028
3,60.0,0.16749614843,-0.695033350183,-0.176696392398
3,60.0,0.16750212553,-0.69496162678,-0.176779268964
3,60.0,0.167514074938,-0.69490937055,-0.176809391955
3,60.0,0.167506452216,-0.694975882999,-0.176733671176
3,60.0,0.167498217343,-0.695012471662,-0.176685990734
3,60.0,0.167488750239,-0.69504968774,-0.176641838581
3,60.0,0.167472742152,-0.695096695852,-0.176576580496
3,60.0,0.167473931851,-0.695091796141,-0.176581472312
3,60.0,0.167465182122,-0.695216513163,-0.176503450876
3,60.0,0.167406579257,-0.695479651934,-0.176315122205
3,60.0,0.167394058828,-0.695504191705,-0.176308848204
3,60.0,0.167390533678,-0.695497745053,-0.176324061578
3,60.0,0.167397824671,-0.69549607866,-0.176305400669
3,60.0,0.167403547689,-0.695452203839,-0.176354991934
3,60.0,0.167403628503,-0.69545178976,-0.176355226847
3,60.0,0.167404298006,-0.695468269673,-0.176325182446
3,60.0,0.167398402426,-0.695504657287,-0.176281656332
3,60.0,0.16740102698,-0.695494723063,-0.176295554056
3,60.0,0.167406310716,-0.695463830306,-0.176310059013
3,60.0,0.167429661705,-0.695312655053,-0.176484508565
3,60.0,0.167412471256,-0.695396181212,-0.176421542711
3,60.0,0.167416878323,-0.695428718726,-0.176373415775
3,60.0,0.167411542576,-0.695478845079,-0.176314252366
3,60.0,0.167404394628,-0.695512517824,-0.176272235686
3,60.0,0.167410433574,-0.695489812276,-0.1763000177
3,60.0,0.167425165903,-0.695401494374,-0.176354588925
3,60.0,0.167461025725,-0.695193174111,-0.17656562617
3,60.0,0.167488303629,-0.695044527561,-0.176679013677
3,60.0,0.167526242041,-0.694711330024,-0.177028935752
3,60.0,0.167524752741,-0.694718505677,-0.17702342862
3,60.0,0.167524002613,-0.694903063989,-0.176804760527
3,60.0,0.167510199581,-0.694979177432,-0.176730971984
3,60.0,0.167506587154,-0.694961190698,-0.176737083127
3,60.0,0.167517527309,-0.694917707316,-0.176785469521
3,60.0,0.167518873699,-0.694909640521,-0.176791047106
3,60.0,0.167519895387,-0.694872752063,-0.176845420145
3,60.0,0.167531108996,-0.694826072737,-0.176874599298
3,60.0,0.16753250959,-0.694811201658,-0.176891441327
3,60.0,0.167536412959,-0.694793998716,-0.176896108965
3,60.0,0.167548801189,-0.694708026411,-0.176997870444
3,60.0,0.167565273112,-0.694628361196,-0.177055372863
3,60.0,0.16757960142,-0.694477927124,-0.177219738187
3,60.0,0.167577192378,-0.69448915696,-0.177211699909
3,60.0,0.167580015737,-0.694580712789,-0.177088164804
3,60.0,0.167526690799,-0.694869831777,-0.176807799146
3,60.0,0.167518061011,-0.694898942758,-0.176780628708
3,60.0,0.167521022191,-0.694940999975,-0.176752562137
3,60.0,0.167480206067,-0.695155738981,-0.176606565546
3,60.0,0.167435266245,-0.695326116594,-0.176488730647
3,60.0,0.167460469515,-0.695315738433,-0.176459238191
3,60.0,0.167438916218,-0.695487007933,-0.176285152038
3,60.0,0.16742603898,-0.695535508523,-0.176233791749
3,60.0,0.167434866154,-0.695513851083,-0.176260502223
3,60.0,0.167421651076,-0.69559472148,-0.176204344872
3,60.0,0.167420735648,-0.695597473995,-0.176203187957
3,60.0,0.167419464341,-0.695585191397,-0.176223600497
3,60.0,0.167423491145,-0.69557357475,-0.176226168438
3,60.0,0.167419253016,-0.695618466599,-0.17617062819
3,60.0,0.167413904305,-0.695644639443,-0.176141862023
3,60.0,0.167413374516,-0.695645421541,-0.176139861667
3,60.0,0.167413407127,-0.695645869387,-0.176140775784
3,60.0,0.167407228528,-0.695667376509,-0.176154453617
3,60.0,0.167331313344,-0.695996276009,-0.175916462016
3,60.0,0.167349334184,-0.695947188935,-0.175944148451
3,60.0,0.167347146158,-0.695986886758,-0.175900806561
3,60.0,0.167345195111,-0.696011139992,-0.175857532434
3,60.0,0.167338200988,-0.696045268055,-0.175823847392
3,60.0,0.167336574207,-0.696035253112,-0.175827001523
3,60.0,0.16733937233,-0.69602440385,-0.175840507669
3,60.0,0.167340753878,-0.696015752826,-0.175845285475
3,60.0,0.167338459106,-0.696042384965,-0.17580563524
3,60.0,0.167367658521,-0.695896698748,-0.175958539891
3,60.0,0.16740628921,-0.695695601114,-0.176114532658
3,60.0,0.167427789698,-0.695518387399,-0.176292365512
3,60.0,0.167383767887,-0.695749828312,-0.176121102416
3,60.0,0.167426829023,-0.695612768776,-0.176204506896
3,60.0,0.167437345996,-0.695531113144,-0.176285015514
3,60.0,0.167430130452,-0.695576660015,-0.176253160107
3,60.0,0.167449111111,-0.695533580816,-0.17625327075
3,60.0,0.167386775405,-0.695877596341,-0.175928609553
3,60.0,0.167389552718,-0.695868961742,-0.175936446043
3,60.0,0.167384721886,-0.695980289766,-0.175850732901
3,60.0,0.167369034548,-0.696053949523,-0.175797671137
3,60.0,0.167382915085,-0.696056696507,-0.175765670245
3,60.0,0.167377716354,-0.696090521294,-0.175731970834
3,60.0,0.167379493814,-0.696125086606,-0.175723614593
3,60.0,0.167393493005,-0.696059377975,-0.17577286005
3,60.0,0.167406744143,-0.695871757653,-0.175977165043
3,60.0,0.167356752844,-0.696096644258,-0.175809922134
3,60.0,0.167398542145,-0.696028355819,-0.175820892523
3,60.0,0.167331211656,-0.69648883867,-0.175378303695
3,60.0,0.167348064513,-0.696425629966,-0.175434953914
3,60.0,0.167362150729,-0.696263408243,-0.17556691129
3,60.0,0.167381008433,-0.696168931114,-0.175657107762
3,60.0,0.16736596729,-0.696276203764,-0.17557439082
3,60.0,0.167377436883,-0.696241035442,-0.175590874829
3,60.0,0.167368526477,-0.696315744066,-0.175511358652
3,60.0,0.167376215144,-0.696283830839,-0.175546818202
3,60.0,0.167380638936,-0.696258100944,-0.175564827391
3,60.0,0.167381561924,-0.696248876376,-0.17557584698
3,60.0,0.167381569778,-0.696248841928,-0.175575857419
3,60.0,0.167382220847,-0.696253523862,-0.175564171069
3,60.0,0.167386188926,-0.696228117097,-0.175595119951
3,60.0,0.167359524943,-0.69636041559,-0.175510306484
3,60.0,0.167364072304,-0.696342759438,-0.17552275818
3,60.0,0.167364934649,-0.696296677818,-0.175575823861
3,60.0,0.16738208476,-0.696238165402,-0.175604365969
3,60.0,0.167390925843,-0.696183115443,-0.175658342609
3,60.0,0.167390360789,-0.696187135608,-0.175655451206
3,60.0,0.16739029152,-0.696185934585,-0.175657811799
3,60.0,0.167395445583,-0.696176949088,-0.175642403576
3,60.0,0.167392963044,-0.696189748437,-0.175630224344
3,60.0,0.167392986238,-0.696188952371,-0.175630770821
3,60.0,0.167392715318,-0.696188947279,-0.175610289999
3,60.0,0.167466257977,-0.69583321155,-0.175946433582
3,60.0,0.167476029365,-0.695779943918,-0.175989789679
3,60.0,0.167465071161,-0.69601085322,-0.175740996076
3,60.0,0.167472319459,-0.695973810798,-0.17577561248
3,60.0,0.167478098534,-0.695911041028,-0.175824117282
3,60.0,0.167466684018,-0.695971627336,-0.175761610722
3,60.0,0.167495628789,-0.695880270917,-0.175861843712
3,60.0,0.167506456198,-0.69582485411,-0.175905824463
3,60.0,0.167507978404,-0.695795052529,-0.17593812396
3,60.0,0.167512115332,-0.695780857551,-0.175943502991
3,60.0,0.167506676706,-0.695826477077,-0.175891202532
3,60.0,0.167501586468,-0.695849362343,-0.175867035079
3,60.0,0.167512650556,-0.695836155415,-0.175898340367
3,60.0,0.167477524653,-0.696007702325,-0.175765303107
3,60.0,0.167494961843,-0.696006927184,-0.17573840484
3,60.0,0.167469875699,-0.696194434791,-0.175551189828
3,60.0,0.16745125084,-0.696267905227,-0.175481809996
3,60.0,0.167461028193,-0.696253451262,-0.175498393407
3,60.0,0.167449067569,-0.696330940139,-0.175440348446
3,60.0,0.167478510307,-0.696244934712,-0.17547863085
3,60.0,0.167518589164,-0.696015087788,-0.175692505598
3,60.0,0.16753838256,-0.695884179634,-0.175798587722
3,60.0,0.167564306149,-0.695694859487,-0.175989252689
3,60.0,0.167577495434,-0.695627699029,-0.17604149893
3,60.0,0.16758184649,-0.695571168891,-0.176101891534
3,60.0,0.167612936945,-0.695434252881,-0.176187840968
3,60.0,0.16764818462,-0.69524204464,-0.17636428034
3,60.0,0.1676312791,-0.695369749817,-0.176259534892
3,60.0,0.167639714847,-0.695349157811,-0.176265866975
3,60.0,0.167634157096,-0.695395126278,-0.176217046576
3,60.0,0.167648536667,-0.695339467374,-0.176285102437
3,60.0,0.167671309018,-0.695226874107,-0.176372606682
3,60.0,0.167649705347,-0.695449743447,-0.176144175366
3,60.0,0.167705872224,-0.695195283183,-0.176379441648
3,60.0,0.167663153754,-0.695448021962,-0.176172850355
3,60.0,0.167679712647,-0.695428737105,-0.176168367692
3,60.0,0.167558614102,-0.696430224603,-0.175153999946
3,60.0,0.168069525897,-0.69408635696,-0.177145695929
3,60.0,0.167884440681,-0.695714988507,-0.175690441319
3,60.0,0.167835037614,-0.695853280435,-0.175605329636
3,60.0,0.167864844995,-0.695823418263,-0.175597971591
3,60.0,0.167859405413,-0.695870197205,-0.17555163537
3,60.0,0.167861310662,-0.695885604686,-0.175555456761
3,60.0,0.167792302468,-0.696207172224,-0.175312060836
3,60.0,0.167826108006,-0.696106155109,-0.175376597407
3,60.0,0.167831770358,-0.696045213769,-0.175437971092
3,80.0,0.179189863456,-0.809289856042,-0.0743975452516
3,80.0,0.179157725174,-0.809264463272,-0.0744824925036
3,80.0,0.179145066154,-0.809286827667,-0.0744761375962
3,80.0,0.179133238321,-0.809274546167,-0.0745134164646
3,80.0,0.179137734971,-0.809269157094,-0.0745108332562
3,80.0,0.179138091484,-0.809273186806,-0.0745033834479
3,80.0,0.179138695223,-0.809277232545,-0.0744878859615
3,80.0,0.179143295691,-0.809258757217,-0.0745202328561
3,80.0,0.179141543839,-0.809263983326,-0.0745186647925
3,80.0,0.179130598583,-0.809254555037,-0.0745695875248
3,80.0,0.179154236049,-0.809201008999,-0.074591871612
3,80.0,0.17915487509,-0.809191867953,-0.0746037134205
3,80.0,0.179151251617,-0.809199545589,-0.0746111994397
3,80.0,0.179142646111,-0.809215389282,-0.0746137936868
3,80.0,0.179138903319,-0.809219780269,-0.0746167893533
3,80.0,0.179142472382,-0.809220182687,-0.07460670568
3,80.0,0.179142880812,-0.809208175575,-0.0746287201799
3,80.0,0.179139112271,-0.809216770501,-0.0746291778362
3,80.0,0.179117591868,-0.809231583974,-0.0746711730046
3,80.0,0.179102610088,-0.809265631973,-0.074654342468
3,80.0,0.179080767929,-0.809241679535,-0.0747198941078
3,80.0,0.179126000217,-0.809165822105,-0.0747360716859
3,80.0,0.179130838854,-0.809138323368,-0.0747660806812
3,80.0,0.179133233467,-0.80912598853,-0.0747689334878
3,80.0,0.179138386159,-0.809096737151,-0.0748207775466
3,80.0,0.179139337449,-0.809094095774,-0.074822045086
3,80.0,0.179137014668,-0.80908552283,-0.0748397478723
3,80.0,0.179145167128,-0.809074894605,-0.0748312081958
3,80.0,0.17913669819,-0.809124896352,-0.0747638232583
3,80.0,0.179146206907,-0.809099787658,-0.0747928581607
3,80.0,0.179142279339,-0.809119982539,-0.0747838631107
3,80.0,0.179130982984,-0.809136756574,-0.0747934712016
3,80.0,0.179125842692,-0.809145975291,-0.0747919944703
3,80.0,0.179115996506,-0.809139863617,-0.0748213002813
3,80.0,0.179115760584,-0.809140249463,-0.0748212805209
3,80.0,0.179119565262,-0.809149112772,-0.0747998127954
3,80.0,0.179120698561,-0.8091411301,-0.0748119734211
3,80.0,0.179118809721,-0.809146230439,-0.0748130990991
3,80.0,0.179117727337,-0.809147399516,-0.0748150067767
3,80.0,0.179109691797,-0.809148408113,-0.0748412541688
3,80.0,0.179084788642,-0.809202144413,-0.0748220225282
3,80.0,0.179071414242,-0.809217211945,-0.0748256978977
3,80.0,0.179074736123,-0.809216097043,-0.0748211445088
3,80.0,0.179074413168,-0.809213799358,-0.0748254256445
3,80.0,0.179076719812,-0.809212389984,-0.0748179670364
3,80.0,0.179072183188,-0.80924275571,-0.0747668793324
3,80.0,0.179106263201,-0.809145697805,-0.0748711561394
3,80.0,0.179100002391,-0.809168582447,-0.0748563178574
3,80.0,0.17908624687,-0.809152800947,-0.0749049001715
3,80.0,0.179100696818,-0.809123937014,-0.0749155204944
3,80.0,0.179101811558,-0.809051432883,-0.0750135404807
3,80.0,0.179094985996,-0.80906862752,-0.0750048046866
3,80.0,0.179099223416,-0.809073799857,-0.074990399599
3,80.0,0.179099907251,-0.809050396926,-0.0750283825191
3,80.0,0.179110031322,-0.809025245162,-0.0750372630675
3,80.0,0.179110295167,-0.809022756242,-0.0750406014008
3,80.0,0.179112422102,-0.809017466771,-0.0750342063477
3,80.0,0.179128667993,-0.808952539597,-0.075124723625
3,80.0,0.179160841002,-0.808858117174,-0.0751841177799
3,80.0,0.179167534935,-0.808776691221,-0.0752799664067
3,80.0,0.179173760679,-0.808759771798,-0.0752881826768
3,80.0,0.179173093212,-0.80874107643,-0.0753171058899
3,80.0,0.179149981901,-0.808789946413,-0.0753112029961
3,80.0,0.179147111261,-0.808795947584,-0.0753084666763
3,80.0,0.17915443869,-0.808814688526,-0.075272782221
3,80.0,0.179153850753,-0.808818209748,-0.0752683161704
3,80.0,0.179153735241,-0.808820891515,-0.0752756649307
3,80.0,0.179154722231,-0.808818422973,-0.075276223972
3,80.0,0.179155699939,-0.808822808838,-0.0752659073471
3,80.0,0.179155804591,-0.808822039096,-0.0752673475724
3,80.0,0.17915090854,-0.808832512035,-0.0752864915237
3,80.0,0.179165732101,-0.808795004028,-0.0753068443172
3,80.0,0.179165397338,-0.808828272314,-0.0752630841782
3,80.0,0.179175165152,-0.80879063282,-0.0753139644884
3,80.0,0.179155688169,-0.808850355394,-0.075280432291
3,80.0,0.179157840904,-0.808847943556,-0.0752798002561
3,80.0,0.179159985337,-0.808857826612,-0.0752616092088
3,80.0,0.179164894315,-0.808824330092,-0.0753134061557
3,80.0,0.17919260409,-0.808747227012,-0.0753559343016
3,80.0,0.179181420573,-0.808814722817,-0.0752814913681
3,80.0,0.179207187347,-0.808758646916,-0.0753481283494
3,80.0,0.179229533083,-0.808683591428,-0.0753974567635
3,80.0,0.179234703683,-0.808631716138,-0.0754589877695
3,80.0,0.179243353131,-0.808607588467,-0.0754699212125
3,80.0,0.179243772983,-0.808603193015,-0.0754757991274
3,80.0,0.179241803172,-0.808607916205,-0.075478955905
3,80.0,0.17923732946,-0.808616055605,-0.0754800780053
3,80.0,0.179253202799,-0.808598562977,-0.0754667460255
3,80.0,0.179275223323,-0.808511434417,-0.0755569162111
3,80.0,0.179272337191,-0.808522421704,-0.075549944342
3,80.0,0.179267028712,-0.808515998214,-0.075570558353
3,80.0,0.179276377077,-0.808499353097,-0.0755729807701
3,80.0,0.179279767876,-0.808465678619,-0.0756167110134
3,80.0,0.17928430918,-0.808453300016,-0.0756222002343
3,80.0,0.179284171986,-0.808436637334,-0.0756481150092
3,80.0,0.179286266648,-0.808431820739,-0.0756493840674
3,80.0,0.179287903696,-0.808447048207,-0.0756209684649
3,80.0,0.179304860507,-0.808386320791,-0.0756922257489
3,80.0,0.179309202098,-0.808372365739,-0.0757010174856
3,80.0,0.179301363682,-0.808299270361,-0.0758140179065
3,80.0,0.179334668929,-0.808215059008,-0.0758662674043
3,80.0,0.179329471616,-0.808360782872,-0.075696347239
3,80.0,0.179369633642,-0.808239336857,-0.0758108903262
3,80.0,0.179391527683,-0.808138973294,-0.0758822987877
3,80.0,0.179413798562,-0.808031990573,-0.0759969810932
3,80.0,0.179429941671,-0.80797928318,-0.0760311533542
3,80.0,0.179430204921,-0.807975736854,-0.0760354907725
3,80.0,0.179425987625,-0.807984802484,-0.0760440602449
3,80.0,0.179454135991,-0.807918364702,-0.0760739974894
3,80.0,0.179471963857,-0.807832715319,-0.0761625913562
3,80.0,0.179504368518,-0.807713001296,-0.0762372799253
3,80.0,0.179539036285,-0.807579329149,-0.0763668249798
3,80.0,0.179505691124,-0.807717730022,-0.0762707200891
3,80.0,0.179505374197,-0.807718300795,-0.0762704937635
3,80.0,0.179510571271,-0.807734904226,-0.0762420416386
3,80.0,0.179509706337,-0.807740341434,-0.076235150894
3,80.0,0.17951112778,-0.8077400286,-0.0762533097359
3,80.0,0.179483487783,-0.807815452666,-0.0762100987009
3,80.0,0.179462253615,-0.807840811126,-0.0762100567026
3,80.0,0.179495857304,-0.80781044114,-0.0761982298275
3,80.0,0.179538163424,-0.80761047624,-0.0763993770439
3,80.0,0.179585635725,-0.807451259563,-0.0765108708348
3,80.0,0.179580066915,-0.80748572737,-0.0764751913792
3,80.0,0.179578945673,-0.807486198258,-0.0764727679877
3,80.0,0.179577910068,-0.807487203621,-0.0764682160181
3,80.0,0.179584976008,-0.807470248974,-0.0765009075475
3,80.0,0.179590709239,-0.807453586794,-0.076511210537
3,80.0,0.179589548597,-0.807439900184,-0.0765308796751
3,80.0,0.179591568261,-0.807436469181,-0.076530551063
3,80.0,0.179592129037,-0.807452010714,-0.0765031871624
3,80.0,0.179591804115,-0.807453072397,-0.0765020129331
3,80.0,0.179592124652,-0.807460523531,-0.0765019168018
3,80.0,0.179594979772,-0.807452836858,-0.0765046378142
3,80.0,0.179594885963,-0.807458756506,-0.0764951461387
3,80.0,0.179592528073,-0.807470287915,-0.0764727204592
3,80.0,0.17959764128,-0.807455779696,-0.0764881246629
3,80.0,0.179597330897,-0.807457680177,-0.0764871557012
3,80.0,0.179593933816,-0.807457948864,-0.0765016144464
3,80.0,0.179606544218,-0.807428515879,-0.076515104981
3,80.0,0.179605361967,-0.807439512083,-0.07650194262
3,80.0,0.179607406701,-0.807433948056,-0.0765202545314
3,80.0,0.179602704529,-0.807446877475,-0.0765130895704
3,80.0,0.179602256669,-0.807446531712,-0.0765143191671
3,80.0,0.17959969879,-0.807444256922,-0.0765241029526
3,80.0,0.179604058179,-0.807436881688,-0.0765240514379
3,80.0,0.179606798402,-0.807405178817,-0.0765681781768
3,80.0,0.179622440173,-0.807362878337,-0.0765917716464
3,80.0,0.179627443452,-0.807323459487,-0.0766370014602
3,80.0,0.179637237014,-0.807294220264,-0.0766518060398
3,80.0,0.179638701251,-0.807285660594,-0.0766617490625
3,80.0,0.179638795955,-0.807285290239,-0.0766618102583
3,80.0,0.179636780766,-0.807281764451,-0.07667884399
3,80.0,0.179634863457,-0.807286469493,-0.0766765228905
3,80.0,0.179631951808,-0.807281278162,-0.0766886189679
3,80.0,0.179632643432,-0.807280335695,-0.0766883764287
3,80.0,0.179627795778,-0.807260516589,-0.0767309704739
3,80.0,0.179615168263,-0.807292179258,-0.0767122224576
3,80.0,0.179621017346,-0.807295732925,-0.0766999244993
3,80.0,0.179621931375,-0.807280309676,-0.0767203439523
3,80.0,0.179615909622,-0.807295555224,-0.0767158891865
3,80.0,0.179622802879,-0.807285076676,-0.0767159029773
3,80.0,0.179620552828,-0.807302283259,-0.0766946393328
3,80.0,0.179624527582,-0.807292129658,-0.0767089289128
3,80.0,0.17962690139,-0.807283882911,-0.0767129988521
3,80.0,0.179628258871,-0.807257243733,-0.0767547233554
3,80.0,0.179629052386,-0.807255121453,-0.0767559811678
3,80.0,0.179623171304,-0.807228588175,-0.0767989195125
3,80.0,0.179632303191,-0.807208800116,-0.0768081831551
3,80.0,0.179631559428,-0.807229592761,-0.0767818594256
3,80.0,0.179630687192,-0.807232569566,-0.0767780003553
3,80.0,0.179631283307,-0.807233032469,-0.0767808341015
3,80.0,0.179622108758,-0.80725939993,-0.0767760001331
3,80.0,0.179630022895,-0.807240824469,-0.0767861089172
3,80.0,0.179631102844,-0.807277070366,-0.0767383860719
3,80.0,0.17962954735,-0.807282384279,-0.0767328006148
3,80.0,0.179629228507,-0.807281311602,-0.076732669912
3,80.0,0.179627992503,-0.807282986836,-0.0767231593791
3,80.0,0.179635052128,-0.807262977729,-0.0767449900255
3,80.0,0.179628260907,-0.807291728385,-0.0767283170586
3,80.0,0.179613009253,-0.807318898639,-0.076722235245
3,80.0,0.179619835736,-0.807307626824,-0.0767257166338
3,80.0,0.179620469905,-0.807332753409,-0.0766921028338
3,80.0,0.179616370877,-0.807347455446,-0.0766754928841
3,80.0,0.179611206342,-0.807354504897,-0.0766638563005
3,80.0,0.179629175943,-0.807315698747,-0.0767065251866
3,80.0,0.179630762579,-0.807310261227,-0.0767102294951
3,80.0,0.179624839848,-0.807276104465,-0.0767638158539
3,80.0,0.179635234515,-0.807251570469,-0.0767776805554
3,80.0,0.179635568278,-0.807290028253,-0.076729281949
3,80.0,0.179650982018,-0.80723744064,-0.0767850259093
3,80.0,0.179641969098,-0.807268675429,-0.0767641952393
3,80.0,0.179645519694,-0.807267806067,-0.0767595979089
3,80.0,0.179645189252,-0.807280248917,-0.0767419354934
3,80.0,0.179642765316,-0.807288472656,-0.0767314891568
3,80.0,0.179636707815,-0.807298676523,-0.0767140699847
3,80.0,0.179644941072,-0.807278350429,-0.0767338830322
3,80.0,0.179636842991,-0.807329538593,-0.0767010360261
3,80.0,0.179608593914,-0.807396982551,-0.0766643103834
3,80.0,0.179612650288,-0.807391339082,-0.0766657210707
3,80.0,0.179611789532,-0.807385470822,-0.0766741344678
3,80.0,0.179616303781,-0.807381616373,-0.0766682798165
4,30.0,0.107665630937,-0.658313720866,-0.20586496453
4,30.0,0.107663831803,-0.658363998333,-0.205805805848
4,30.0,0.107663345913,-0.658371775036,-0.205792414077
4,30.0,0.107662915862,-0.658376478063,-0.205781414309
4,30.0,0.107664775542,-0.658357945593,-0.205821939193
4,30.0,0.107666514383,-0.658340521042,-0.20583131377
4,30.0,0.10766919793,-0.658286923863,-0.205903090285
4,30.0,0.107701106963,-0.657988153378,-0.206050878183
4,30.0,0.107723220114,-0.657750133806,-0.206276849245
4,30.0,0.107674505497,-0.658727734807,-0.205469591163
4,30.0,0.107656707111,-0.65889556455,-0.205338052597
4,30.0,0.107654042352,-0.65937061271,-0.204774317741
4,30.0,0.10765174124,-0.659396530468,-0.204749177389
4,30.0,0.107650173078,-0.659443707258,-0.204713519834
4,30.0,0.107648812067,-0.659459581599,-0.204719611488
4,30.0,0.10765294803,-0.659426221989,-0.204731524042
4,30.0,0.107647027061,-0.659514702896,-0.204626925709
4,30.0,0.107642503878,-0.659554068037,-0.204575989735
4,30.0,0.107645584551,-0.659536107379,-0.204605830246
4,30.0,0.107642478641,-0.659575198331,-0.204583343778
4,30.0,0.107644384309,-0.659569874349,-0.204571961797
4,30.0,0.10764450915,-0.659568046529,-0.204574230883
4,30.0,0.107644670533,-0.659565827074,-0.204573275629
4,30.0,0.107645564161,-0.659550319566,-0.204605065468
4,30.0,0.107651086598,-0.659499735345,-0.204627891606
4,30.0,0.107650086531,-0.659513233977,-0.204612722629
4,30.0,0.107649484172,-0.659533299498,-0.204615990464
4,30.0,0.107648201935,-0.659545254644,-0.204609545523
4,30.0,0.10764819941,-0.65954483568,-0.204610268754
4,30.0,0.107648087032,-0.659541566614,-0.204619922147
4,30.0,0.107649045002,-0.659537060415,-0.204613543077
4,30.0,0.10764955915,-0.659529644999,-0.204623496232
4,30.0,0.107650290474,-0.659521307609,-0.20462206037
4,30.0,0.107655063866,-0.659458979444,-0.204709146988
4,30.0,0.10763977149,-0.659614434594,-0.204602253101
4,30.0,0.107651607792,-0.659561209056,-0.204609711565
4,30.0,0.107618127172,-0.6600267409,-0.20412420898
4,30.0,0.107639959217,-0.659838467578,-0.20430896228
4,30.0,0.107623704576,-0.660099687803,-0.204098111804
4,30.0,0.107630558025,-0.660053639797,-0.204117970743
4,30.0,0.107629547915,-0.660069476396,-0.204100449308
4,30.0,0.107629082162,-0.660081563569,-0.204106890859
4,30.0,0.107640330579,-0.659979133722,-0.204157918587
4,30.0,0.107657995858,-0.659769884715,-0.204370568893
4,30.0,0.107659162785,-0.659754647339,-0.204382320009
4,30.0,0.107656436978,-0.659814977404,-0.20430648705
4,30.0,0.107657131497,-0.659807589942,-0.204315369086
4,30.0,0.107660139862,-0.659754239617,-0.204332958433
4,30.0,0.107699068507,-0.659347191226,-0.204755602476
4,30.0,0.107644287604,-0.65996260128,-0.204251351621
4,30.0,0.10764817312,-0.65995457062,-0.204247478601
4,30.0,0.10764356672,-0.660090913828,-0.204090723005
4,30.0,0.107640610345,-0.660123960318,-0.204054505063
4,30.0,0.107639682583,-0.660115629906,-0.204049172518
4,30.0,0.107647442952,-0.660048278915,-0.204133329684
4,30.0,0.107624032512,-0.660316662398,-0.203936243062
4,30.0,0.107626261953,-0.660300905036,-0.203946075882
4,30.0,0.107618852909,-0.660530031567,-0.203679590453
4,30.0,0.107571027354,-0.661033362356,-0.203180887197
4,30.0,0.107582659762,-0.660951635112,-0.203259787282
4,30.0,0.107554476311,-0.661536662542,-0.202785089708
4,30.0,0.10757670835,-0.661325029263,-0.202953427505
4,30.0,0.10756680711,-0.661526269487,-0.202745765973
4,30.0,0.107566284187,-0.661531200108,-0.202739335679
4,30.0,0.107566320531,-0.661533300471,-0.20274083423
4,30.0,0.10756371782,-0.661558519488,-0.202755563752
4,30.0,0.107586871873,-0.661346236029,-0.202908440923
4,30.0,0.107581506023,-0.661421023629,-0.202833297896
4,30.0,0.107581529442,-0.661440136267,-0.202825875188
4,30.0,0.10759640342,-0.6612790783,-0.202906073982
4,30.0,0.107687123289,-0.660321415389,-0.203814470609
4,30.0,0.107681508923,-0.660391893699,-0.2037543847
4,30.0,0.107680970768,-0.660408883672,-0.203735672889
4,30.0,0.107679636028,-0.660389672874,-0.203795793925
4,30.0,0.107686989983,-0.660322434371,-0.203845434818
4,30.0,0.107684893304,-0.660366078901,-0.203797926744
4,30.0,0.107684225234,-0.660373086077,-0.203781571431
4,30.0,0.107687073293,-0.660345335395,-0.203818050879
4,30.0,0.107682590007,-0.660398139604,-0.203784918493
4,30.0,0.107687898343,-0.66036969545,-0.203786926548
4,30.0,0.107677330911,-0.660505865221,-0.203642833236
4,30.0,0.107679641328,-0.660489705327,-0.203661647581
4,30.0,0.107688654206,-0.660323641842,-0.203768216237
4,30.0,0.107723276974,-0.659970856644,-0.204105905546
4,30.0,0.107666180108,-0.660789174072,-0.203422435218
4,30.0,0.107672665051,-0.660736605824,-0.203462143675
4,30.0,0.107661922358,-0.661050940046,-0.203125649257
4,30.0,0.107635127696,-0.661341571315,-0.202833618266
4,30.0,0.107672917933,-0.661087935863,-0.203089174043
4,30.0,0.107668093282,-0.661146536673,-0.203040158335
4,30.0,0.107667496119,-0.661169301742,-0.203014141756
4,30.0,0.107667700581,-0.66116201088,-0.20302708923
4,30.0,0.107681966414,-0.661052858796,-0.203031421741
4,30.0,0.107702277462,-0.660845550321,-0.203222088324
4,30.0,0.107647549857,-0.662097014801,-0.202128468694
4,30.0,0.107622036917,-0.662344002028,-0.201924993895
4,30.0,0.107622127444,-0.66232109891,-0.201950443818
4,30.0,0.107625853145,-0.662343591434,-0.201899486935
4,30.0,0.107620243404,-0.662411502567,-0.201829841846
4,30.0,0.107618694267,-0.662406281317,-0.201825291873
4,30.0,0.107613287438,-0.662446647248,-0.201775104389
4,30.0,0.107622151041,-0.662384725167,-0.201846999453
4,30.0,0.107606510023,-0.662577348428,-0.201698340597
4,30.0,0.107617139918,-0.662513306002,-0.201730132342
4,30.0,0.107602673013,-0.662726336133,-0.201510583523
4,30.0,0.107635490737,-0.662468955828,-0.201783625283
4,30.0,0.107665400512,-0.662137874397,-0.20205963904
4,30.0,0.107684578422,-0.661806913918,-0.202391386908
4,30.0,0.107719943021,-0.661419943776,-0.202693828501
4,30.0,0.107661232565,-0.662135228394,-0.202007346893
4,30.0,0.107692982076,-0.661935124223,-0.202196676021
4,30.0,0.107635066462,-0.662777936277,-0.201484032804
4,30.0,0.107628103093,-0.662834211117,-0.201441134287
4,30.0,0.107625979432,-0.663062523665,-0.201183208249
4,30.0,0.107601076287,-0.663357434913,-0.200890988745
4,30.0,0.107601515305,-0.663354679401,-0.200893799273
4,30.0,0.10760067594,-0.663389262462,-0.200868657987
4,30.0,0.107585516327,-0.663556026412,-0.200791527485
4,30.0,0.107657117621,-0.662888226441,-0.201335634832
4,30.0,0.107592012439,-0.66392951616,-0.200326606494
4,30.0,0.107547086009,-0.664279289894,-0.19999692234
4,30.0,0.107579981089,-0.664121427584,-0.200145769334
4,30.0,0.10756579971,-0.664319833787,-0.199977461748
4,30.0,0.107562951012,-0.664298873819,-0.200017703449
4,30.0,0.10755964591,-0.664319296544,-0.200007998469
4,30.0,0.107560935692,-0.664328523912,-0.199988770467
4,30.0,0.107557141933,-0.664387592935,-0.199920101799
4,30.0,0.107555024416,-0.664406608897,-0.199898622376
4,30.0,0.107556461448,-0.664410541245,-0.199905820338
4,30.0,0.107546945673,-0.664515656904,-0.199834616963
4,30.0,0.107550855223,-0.664487437144,-0.199851973888
4,30.0,0.107540764218,-0.664699753537,-0.199615852903
4,30.0,0.107530384993,-0.664801755839,-0.199517859471
4,30.0,0.10753223666,-0.66483766416,-0.199493005525
4,30.0,0.107513559362,-0.6650772981,-0.19931863581
4,30.0,0.107502746233,-0.665170820993,-0.199246702549
4,30.0,0.107508440334,-0.665479277068,-0.198866075291
4,30.0,0.107423480056,-0.66639251729,-0.19802050314
4,30.0,0.107477545932,-0.666245691283,-0.198150831899
4,30.0,0.107442714131,-0.666685521207,-0.197772583099
4,30.0,0.10744174355,-0.666676266312,-0.197786298465
4,30.0,0.107442848186,-0.66669048137,-0.19776236822
4,30.0,0.107432340212,-0.66685140793,-0.197577380892
4,30.0,0.107430371865,-0.666870025217,-0.197559704688
4,30.0,0.107427518182,-0.666999941588,-0.197455251968
4,30.0,0.107431106206,-0.66696232194,-0.197483557393
4,30.0,0.107435068824,-0.666883248378,-0.197571781961
4,30.0,0.107435360358,-0.666880407487,-0.197573762839
4,30.0,0.107432780054,-0.666967392518,-0.197464494234
4,30.0,0.107446399796,-0.666826415799,-0.197603400581
4,30.0,0.10743160523,-0.667033118984,-0.19743616877
4,30.0,0.107434047065,-0.667016763621,-0.197445746575
4,30.0,0.107430467015,-0.667106146479,-0.197344017387
4,30.0,0.107429333307,-0.667117864815,-0.197331754891
4,30.0,0.107429072179,-0.667170108377,-0.197307028283
4,30.0,0.10743690354,-0.667091916264,-0.197367817885
4,30.0,0.107428528037,-0.667248819348,-0.19720250522
4,30.0,0.107408843627,-0.667430712456,-0.197014193144
4,30.0,0.107426864343,-0.667289621332,-0.197148233183
4,30.0,0.107396551576,-0.667766661333,-0.19674820939
4,30.0,0.107408347567,-0.667666975995,-0.196824650931
4,30.0,0.107391791786,-0.66802189458,-0.196457849944
4,30.0,0.107430010296,-0.667649652187,-0.196814893083
4,30.0,0.10745454537,-0.667343579901,-0.19707389992
4,30.0,0.1074483584,-0.667435288585,-0.196983181405
4,30.0,0.107450368202,-0.667456804778,-0.19698062549
4,30.0,0.107452489506,-0.667434594068,-0.196997769738
4,30.0,0.107444807046,-0.667620198359,-0.19678844445
4,30.0,0.10744283205,-0.667639883996,-0.196769738012
4,30.0,0.107440448507,-0.667747515095,-0.196683374557
4,30.0,0.107434634058,-0.667808469315,-0.196637827741
4,30.0,0.1074400704,-0.667818598148,-0.196598008347
4,30.0,0.107432211926,-0.6679106961,-0.196507639183
4,30.0,0.107444437226,-0.667976515941,-0.196491235962
4,30.0,0.107505586361,-0.667353871764,-0.19701519087
4,30.0,0.107458542281,-0.668173996288,-0.196218427647
4,30.0,0.107445336329,-0.668281240401,-0.196117039627
4,30.0,0.107444850398,-0.668278673868,-0.196118742462
4,30.0,0.107446564303,-0.668321573729,-0.196099288052
4,30.0,0.107414904951,-0.66864729249,-0.195841445481
4,30.0,0.107429990712,-0.668560382645,-0.195895253349
4,30.0,0.107422701084,-0.668685926019,-0.19576875553
4,30.0,0.107425810813,-0.66866641862,-0.195794919844
4,30.0,0.107429394017,-0.668623245246,-0.195826510184
4,30.0,0.107435856046,-0.668532196639,-0.19592530711
4,30.0,0.107479944531,-0.668057342435,-0.196289294176
4,30.0,0.107545100375,-0.667350711515,-0.196938478789
4,30.0,0.107508173255,-0.667925823485,-0.196433455644
4,30.0,0.107493649933,-0.668003808209,-0.19639186503
4,30.0,0.107502658491,-0.667966671087,-0.196405642766
4,30.0,0.107502866733,-0.667963227324,-0.196409163688
4,30.0,0.107506131045,-0.667908739766,-0.196436315853
4,30.0,0.107510516144,-0.667864335675,-0.196479055528
4,30.0,0.107511981228,-0.66783335195,-0.196503983062
4,30.0,0.10751613883,-0.667786603543,-0.19655974392
4,30.0,0.107493313848,-0.668031649263,-0.196374622507
4,30.0,0.107615200819,-0.667088175829,-0.197076674113
4,30.0,0.107588891688,-0.66738141151,-0.196810484635
4,30.0,0.107574850651,-0.668052037849,-0.196192838101
4,30.0,0.10755738624,-0.668246349615,-0.196031504432
4,30.0,0.107562049769,-0.668286002815,-0.195970753058
4,50.0,0.118122178856,-0.764456185103,-0.133941389348
4,50.0,0.118132576159,-0.764330045664,-0.134079797786
4,50.0,0.118128343501,-0.764355475085,-0.134063070179
4,50.0,0.118135083011,-0.764373714222,-0.134015226066
4,50.0,0.1181486697,-0.764252836796,-0.134148771609
4,50.0,0.118172569684,-0.764097671652,-0.134257542882
4,50.0,0.118175663993,-0.76406813214,-0.134288800473
4,50.0,0.118177379609,-0.764054145946,-0.13429588453
4,50.0,0.118174970197,-0.764105982363,-0.134211353264
4,50.0,0.118161648778,-0.764191982407,-0.134123491932
4,50.0,0.118164952039,-0.764191188197,-0.134131795088
4,50.0,0.118156466868,-0.764253777084,-0.1340959175
4,50.0,0.118158327901,-0.764246118584,-0.134099568554
4,50.0,0.118161242392,-0.764320444616,-0.133987743533
4,50.0,0.118180589106,-0.764182486342,-0.13412812834
4,50.0,0.118174260949,-0.764233167723,-0.134090647985
4,50.0,0.118178555584,-0.764231936424,-0.134076469523
4,50.0,0.118182772853,-0.764175191333,-0.134147377142
4,50.0,0.118158005656,-0.764313336799,-0.134061587145
4,50.0,0.118168671674,-0.764270877703,-0.134086301515
4,50.0,0.118162927958,-0.764487108614,-0.133828663296
4,50.0,0.118178231209,-0.764386495156,-0.13392636404
4,50.0,0.118190599496,-0.764242871099,-0.134035375909
4,50.0,0.118169429122,-0.764395514097,-0.133876147452
4,50.0,0.118175172201,-0.764371127376,-0.133902695487
4,50.0,0.118168919736,-0.764437376484,-0.133858856438
4,50.0,0.118165315375,-0.764453855838,-0.133850264968
4,50.0,0.118169991388,-0.764460325818,-0.133826070292
4,50.0,0.118166650351,-0.764497597014,-0.133782050401
4,50.0,0.118165648567,-0.764503612806,-0.13377230903
4,50.0,0.118164112541,-0.764511806831,-0.133740052859
4,50.0,0.118182878577,-0.764393738346,-0.133862671422
4,50.0,0.118196572806,-0.76429014133,-0.133940505088
4,50.0,0.118196510274,-0.764290841422,-0.133939726491
4,50.0,0.1181874668,-0.764351305998,-0.13393818408
4,50.0,0.118205695546,-0.764250504198,-0.134015195526
4,50.0,0.118200821976,-0.764450568251,-0.133790759254
4,50.0,0.118170811316,-0.764669648938,-0.133565501187
4,50.0,0.118161908945,-0.764711390767,-0.13352430673
4,50.0,0.11816654735,-0.764739323573,-0.133511908583
4,50.0,0.118177412327,-0.764667458182,-0.133562693429
4,50.0,0.118188880192,-0.764524124257,-0.133725510252
4,50.0,0.118186101584,-0.76454043406,-0.133713478512
4,50.0,0.118190090174,-0.764588645782,-0.133643864094
4,50.0,0.118181351766,-0.764667777815,-0.133557298334
4,50.0,0.118187902681,-0.764636066854,-0.133595820837
4,50.0,0.118211760526,-0.76446336394,-0.133712975197
4,50.0,0.118228661775,-0.764341802649,-0.133831141474
4,50.0,0.118238524105,-0.764243077541,-0.133906903666
4,50.0,0.118232898358,-0.764290583151,-0.133855072862
4,50.0,0.11823921583,-0.764268558716,-0.133894518451
4,50.0,0.118207845118,-0.764461988752,-0.133754056092
4,50.0,0.118248474538,-0.764319826116,-0.133831447655
4,50.0,0.118211795959,-0.764672623152,-0.13347970618
4,50.0,0.118265231877,-0.764421015345,-0.133726935621
4,50.0,0.118223816951,-0.764721587165,-0.133481185243
4,50.0,0.118287116421,-0.76465713534,-0.133429006642
4,50.0,0.118247251952,-0.764949810511,-0.133156419315
4,50.0,0.118241787178,-0.76492613586,-0.133174803887
4,50.0,0.118253712981,-0.764899390732,-0.133213942236
4,50.0,0.118274210454,-0.764759510559,-0.133319836766
4,50.0,0.118289152828,-0.764602741333,-0.133484607789
4,50.0,0.118274491618,-0.764696028998,-0.133415458992
4,50.0,0.118289465514,-0.764678160864,-0.1333997362
4,50.0,0.118285128437,-0.764718551821,-0.133358056607
4,50.0,0.118284490744,-0.764714701547,-0.133355041518
4,50.0,0.118290051839,-0.764680584795,-0.133402917705
4,50.0,0.118296967516,-0.764638318997,-0.133433088967
4,50.0,0.118293653107,-0.76471014327,-0.13334747909
4,50.0,0.11828389272,-0.764776503841,-0.133275855136
4,50.0,0.11828105373,-0.764788235859,-0.133262068513
4,50.0,0.11828410269,-0.764794455166,-0.133272488976
4,50.0,0.118323330966,-0.764557962603,-0.133442055852
4,50.0,0.118366925965,-0.764216081816,-0.133771708131
4,50.0,0.118366091024,-0.764222570006,-0.133766451994
4,50.0,0.118368259858,-0.764285669769,-0.133681317159
4,50.0,0.118380959229,-0.764190051348,-0.133779554264
4,50.0,0.118375276614,-0.764232597631,-0.133747947708
4,50.0,0.118392448256,-0.764223145599,-0.13370485704
4,50.0,0.118421565443,-0.764021059087,-0.133896224055
4,50.0,0.118393390049,-0.76429985778,-0.133669503926
4,50.0,0.118395508044,-0.764289936345,-0.13367636199
4,50.0,0.118397263644,-0.764354415419,-0.133595470115
4,50.0,0.118369381947,-0.764594979769,-0.133336285323
4,50.0,0.118428157421,-0.764266053142,-0.133638289728
4,50.0,0.118416716133,-0.764375071598,-0.133546413563
4,50.0,0.118422032301,-0.764378529313,-0.133527119308
4,50.0,0.118413974938,-0.764463471085,-0.133432630041
4,50.0,0.118429837269,-0.76437439818,-0.13352639812
4,50.0,0.11845929269,-0.764162326942,-0.133690059426
4,50.0,0.118462335383,-0.764137070776,-0.133714938347
4,50.0,0.118450973824,-0.764279043101,-0.133617154408
4,50.0,0.118519242972,-0.763901040064,-0.133906603452
4,50.0,0.118494866026,-0.764133169447,-0.133681288847
4,50.0,0.118497375127,-0.764127647843,-0.13368833697
4,50.0,0.118496798962,-0.764134175619,-0.133684185071
4,50.0,0.118492859636,-0.764141280997,-0.133698454525
4,50.0,0.118517137423,-0.76401960978,-0.133781068159
4,50.0,0.11848443438,-0.764338430546,-0.133458775342
4,50.0,0.118588853237,-0.763790023015,-0.133970882286
4,50.0,0.118563014876,-0.763973186199,-0.13381685032
4,50.0,0.118570799149,-0.764052391056,-0.133716282966
4,50.0,0.118564314243,-0.764125420567,-0.133638946836
4,50.0,0.118577139665,-0.764061500642,-0.133717543894
4,50.0,0.118632177822,-0.763712071701,-0.133990507516
4,50.0,0.118545348662,-0.764447985222,-0.133283679102
4,50.0,0.118613161073,-0.76412078833,-0.13357455679
4,50.0,0.118572896462,-0.764546550039,-0.133208159376
4,50.0,0.118547154894,-0.764655809316,-0.133135801768
4,50.0,0.118555007957,-0.7646430778,-0.133135438472
4,50.0,0.118548871386,-0.764828055676,-0.132923245207
4,50.0,0.118539785378,-0.764885511205,-0.132869368386
4,50.0,0.118538504674,-0.764864976977,-0.132884935079
4,50.0,0.118547602032,-0.764830901817,-0.132931894959
4,50.0,0.118549607196,-0.764818136628,-0.132941709297
4,50.0,0.118549829364,-0.764839745611,-0.132914587245
4,50.0,0.118547046756,-0.764879174075,-0.132861560459
4,50.0,0.118562275637,-0.764784612355,-0.132957365607
4,50.0,0.118582331699,-0.764632441939,-0.133075731312
4,50.0,0.118597858257,-0.764500634091,-0.133207454512
4,50.0,0.118608251063,-0.764423789051,-0.133266664953
4,50.0,0.118607150243,-0.764436150038,-0.133253319054
4,50.0,0.118607320201,-0.764433515497,-0.133250740146
4,50.0,0.118608557029,-0.764424051276,-0.133263525761
4,50.0,0.118610059823,-0.764414832874,-0.133268303719
4,50.0,0.118610513113,-0.764406059572,-0.133280445164
4,50.0,0.118604840501,-0.764433280332,-0.133270510959
4,50.0,0.118614807959,-0.764389379147,-0.133296994268
4,50.0,0.118615893609,-0.764375701164,-0.133311777743
4,50.0,0.118610989499,-0.764406581146,-0.133298919722
4,50.0,0.118611292624,-0.764405108705,-0.133299887112
4,50.0,0.118611912031,-0.764417874747,-0.133282198308
4,50.0,0.118609247045,-0.764458745602,-0.133227242829
4,50.0,0.118598971008,-0.764522243151,-0.133164237001
4,50.0,0.118596797407,-0.764526120631,-0.133158661883
4,50.0,0.118597692828,-0.764526213216,-0.133161347241
4,50.0,0.118592963092,-0.764559416269,-0.133144368756
4,50.0,0.118570430101,-0.76466615227,-0.13307658224
4,50.0,0.118574470196,-0.764650191948,-0.133086837257
4,50.0,0.118575062001,-0.764746430854,-0.132972292272
4,50.0,0.118519200195,-0.765146823522,-0.132576915951
4,50.0,0.118697428994,-0.764213136736,-0.133404836576
4,50.0,0.118740319933,-0.763870339496,-0.133700758445
4,50.0,0.11874703069,-0.763761130422,-0.133811857704
4,50.0,0.118740853841,-0.763796967039,-0.13378764426
4,50.0,0.118742439815,-0.76379422528,-0.133786717324
4,50.0,0.118742081295,-0.763856839637,-0.133702088453
4,50.0,0.118712793438,-0.764044355039,-0.133523917676
4,50.0,0.118719390504,-0.764024533247,-0.133542887238
4,50.0,0.118703941536,-0.764236663114,-0.133377392711
4,50.0,0.11873658432,-0.764053801476,-0.13352160219
4,50.0,0.118716707028,-0.764388599002,-0.133177532956
4,50.0,0.118758667495,-0.764137196517,-0.133412441777
4,50.0,0.118784140108,-0.763924900469,-0.133589693636
4,50.0,0.118821965777,-0.763564902358,-0.133949085068
4,50.0,0.118826548909,-0.763535574703,-0.13397302179
4,50.0,0.118826510026,-0.763630528652,-0.133866097759
4,50.0,0.118823106394,-0.763658727074,-0.133836745426
4,50.0,0.118820881009,-0.763660935635,-0.133827712267
4,50.0,0.118826947359,-0.763628602206,-0.133862673942
4,50.0,0.118840320653,-0.763525896594,-0.133938270969
4,50.0,0.11884119867,-0.763519324732,-0.133944702352
4,50.0,0.118838870288,-0.76356260083,-0.133914656667
4,50.0,0.118834888011,-0.763584466461,-0.133899615865
4,50.0,0.118827498804,-0.763575170994,-0.133930608971
4,50.0,0.118866276219,-0.763399611195,-0.134049968552
4,50.0,0.118884587645,-0.763246167443,-0.134196531425
4,50.0,0.118889919317,-0.76319668419,-0.13423652644
4,50.0,0.11888979166,-0.763198118194,-0.134234918306
4,50.0,0.1188912914,-0.763187018617,-0.134233333602
4,50.0,0.1188947873,-0.763163995045,-0.134256650873
4,50.0,0.118896025159,-0.763151255079,-0.134265623815
4,50.0,0.118899215882,-0.763113119208,-0.134317108513
4,50.0,0.118930369408,-0.76293330549,-0.13445283108
4,50.0,0.11895514876,-0.762711847231,-0.134668134252
4,50.0,0.118955111813,-0.762712119188,-0.134667914761
4,50.0,0.118956658075,-0.7627794541,-0.134581621472
4,50.0,0.118959349551,-0.762761124113,-0.134599268579
4,50.0,0.118962642944,-0.762704683824,-0.134641804419
4,50.0,0.118974707119,-0.762627905806,-0.134718670852
4,50.0,0.118996460313,-0.762460375405,-0.134850065742
4,50.0,0.11902446362,-0.762246597988,-0.135055339923
4,50.0,0.119012046683,-0.762342077999,-0.134977204428
4,50.0,0.119020253982,-0.762338993535,-0.134962957317
4,50.0,0.119036940875,-0.762177416083,-0.135129194975
4,50.0,0.119047967235,-0.762107295371,-0.135184950339
4,50.0,0.119044430606,-0.762179157044,-0.135107386545
4,50.0,0.119060081418,-0.762074918058,-0.135219554887
4,50.0,0.119032294932,-0.762252350474,-0.135077131349
4,50.0,0.119037343398,-0.762246463502,-0.135074918167
4,50.0,0.119036154594,-0.76229476077,-0.135019421491
4,50.0,0.119030570954,-0.762335501916,-0.134975751888
4,50.0,0.119019539138,-0.762383570269,-0.134923136691
4,50.0,0.119019644584,-0.762383067765,-0.134923614998
4,50.0,0.119018932445,-0.762440014946,-0.134881062253
4,50.0,0.119026087668,-0.762397267381,-0.134913289838
4,50.0,0.11902341839,-0.762446207553,-0.13485925945
4,50.0,0.119036665531,-0.762359722166,-0.134954626417
4,50.0,0.119089300113,-0.762027239251,-0.135220733114
4,50.0,0.119066382423,-0.762225414344,-0.135032494698
4,50.0,0.119057093108,-0.762239239649,-0.135016967482
4,70.0,0.161373317809,-0.790326142732,-0.0985152106983
4,70.0,0.161367912325,-0.790330208917,-0.0985224859732
4,70.0,0.161370005232,-0.790329937271,-0.0985172133188
4,70.0,0.161369106187,-0.790321259277,-0.0985352236882
4,70.0,0.161365897215,-0.790328072957,-0.0985375364374
4,70.0,0.161368942409,-0.790325528012,-0.0985308146613
4,70.0,0.161368910277,-0.790326726198,-0.0985286833156
4,70.0,0.161369391698,-0.7903265412,-0.0985246592676
4,70.0,0.16136895704,-0.790314622025,-0.0985614343396
4,70.0,0.161399759299,-0.790219098522,-0.0986050320962
4,70.0,0.161389228181,-0.790281386201,-0.098537221449
4,70.0,0.161383429841,-0.79028870541,-0.0985176268399
4,70.0,0.161380027408,-0.790298127042,-0.0985040971239
4,70.0,0.161382495476,-0.790298177863,-0.0985168299321
4,70.0,0.161362181089,-0.790370321773,-0.0984903539931
4,70.0,0.161406120089,-0.790259918387,-0.0985387308607
4,70.0,0.161412340358,-0.790217447504,-0.0985843814114
4,70.0,0.161409404131,-0.790232549547,-0.098578313003
4,70.0,0.161409352398,-0.790232622283,-0.0985783952244
4,70.0,0.161412313324,-0.790237519956,-0.0985581940153
4,70.0,0.161410124873,-0.790250984964,-0.0985393050187
4,70.0,0.161413104336,-0.790242412431,-0.0985666336787
4,70.0,0.161427529139,-0.790193102656,-0.098590942998
4,70.0,0.161432858424,-0.790145783869,-0.0986497083595
4,70.0,0.161428217243,-0.790162043076,-0.0986426069786
4,70.0,0.161432524595,-0.790161462155,-0.0986311003602
4,70.0,0.161433616686,-0.790146814904,-0.0986532791769
4,70.0,0.16143859317,-0.790132057627,-0.0986549254763
4,70.0,0.161441036643,-0.790109329815,-0.0986878604547
4,70.0,0.161418106139,-0.790184763625,-0.0986627485012
4,70.0,0.16146950046,-0.790047726047,-0.0987341599487
4,70.0,0.161456801281,-0.790137138765,-0.0986398127761
4,70.0,0.161464604357,-0.790123084945,-0.0986651382138
4,70.0,0.161471325846,-0.790094889495,-0.0986803682799
4,70.0,0.161469272848,-0.790121430283,-0.0986427884911
4,70.0,0.161481385489,-0.79007132175,-0.0987152529913
4,70.0,0.161512009401,-0.789958284921,-0.0987869838764
4,70.0,0.161507079621,-0.789997097898,-0.0987437250178
4,70.0,0.161509513665,-0.789992763439,-0.0987581056865
4,70.0,0.161500129865,-0.790026564088,-0.0987449559187
4,70.0,0.161506082919,-0.790015086093,-0.0987456124684
4,70.0,0.161506103071,-0.790013888167,-0.0987473725317
4,70.0,0.161508550742,-0.790010953511,-0.0987377530077
4,70.0,0.161504744906,-0.790032345968,-0.0987082181307
4,70.0,0.161520034107,-0.789985077433,-0.0987821153939
4,70.0,0.161517430249,-0.789994682265,-0.098775640752
4,70.0,0.16152410847,-0.790027001841,-0.0987225165591
4,70.0,0.161514391238,-0.790088432907,-0.0986489496872
4,70.0,0.161511491219,-0.790097372562,-0.0986385811262
4,70.0,0.161513465554,-0.790105457066,-0.0986424865635
4,70.0,0.161523672953,-0.790068912522,-0.0986591193892
4,70.0,0.161524407551,-0.790063666267,-0.0986655163351
4,70.0,0.161517828212,-0.790091893871,-0.0986696480171
4,70.0,0.161528431008,-0.790059234252,-0.0986885890414
4,70.0,0.161528497457,-0.790080604036,-0.0986602449269
4,70.0,0.161529672257,-0.79006979446,-0.098679163589
4,70.0,0.161509081203,-0.790135434872,-0.0986599960107
4,70.0,0.161574708026,-0.789951362845,-0.0987659309922
4,70.0,0.161587007963,-0.789875523259,-0.0988420160857
4,70.0,0.161589007761,-0.789863258532,-0.0988494834724
4,70.0,0.161589568241,-0.789848852303,-0.0988753104726
4,70.0,0.161599322307,-0.789819055369,-0.0988867748657
4,70.0,0.161598395491,-0.789826051928,-0.098878252644
4,70.0,0.161598619192,-0.789823024412,-0.0988677303645
4,70.0,0.161594412895,-0.789839747984,-0.0988475290574
4,70.0,0.161599992863,-0.78983353731,-0.0988681829323
4,70.0,0.161610273239,-0.789795258253,-0.0988907188339
4,70.0,0.161612677708,-0.789765315728,-0.0989286488872
4,70.0,0.161620161896,-0.789741192639,-0.0989379236657
4,70.0,0.161617751639,-0.789760554629,-0.0989134568404
4,70.0,0.161618650662,-0.789757588792,-0.0989192128334
4,70.0,0.161619169809,-0.789755588822,-0.0989192630364
4,70.0,0.16161938787,-0.789757171875,-0.0989147585653
4,70.0,0.161619270108,-0.789748490637,-0.0989394726042
4,70.0,0.161625802961,-0.789727947845,-0.0989499894476
4,70.0,0.161625408968,-0.789744085313,-0.0989277559197
4,70.0,0.161624106355,-0.789752072662,-0.0989141676466
4,70.0,0.161625044089,-0.789748599492,-0.0989202248451
4,70.0,0.161625562168,-0.789746559678,-0.0989203260662
4,70.0,0.16162515394,-0.789743268005,-0.098929479444
4,70.0,0.161619588181,-0.789757105477,-0.0989294965433
4,70.0,0.161626109498,-0.789743816495,-0.0989310403248
4,70.0,0.161625860097,-0.789747117999,-0.0989266808225
4,70.0,0.161626128454,-0.789746856113,-0.0989240138897
4,70.0,0.161625961608,-0.789750233088,-0.0989152880794
4,70.0,0.161626621665,-0.789746939565,-0.0989210424126
4,70.0,0.161618542129,-0.789775276012,-0.0989224209434
4,70.0,0.1616436794,-0.789699020004,-0.0989680212269
4,70.0,0.161641254469,-0.789722853004,-0.0989415039427
4,70.0,0.161641079196,-0.789723264184,-0.0989397744441
4,70.0,0.161641017998,-0.789723079394,-0.0989442543386
4,70.0,0.161642723148,-0.789718440295,-0.0989439758313
4,70.0,0.161642345673,-0.789725690192,-0.0989316624877
4,70.0,0.161644786259,-0.789713353251,-0.0989531729466
4,70.0,0.161637268135,-0.789739648966,-0.098940059248
4,70.0,0.161652543308,-0.789719790787,-0.0989313382072
4,70.0,0.161652445049,-0.789720315836,-0.0989307882863
4,70.0,0.161652811392,-0.789713272606,-0.0989327012302
4,70.0,0.161653489841,-0.789710167095,-0.0989378955353
4,70.0,0.161655230809,-0.78970369347,-0.0989377852315
4,70.0,0.161657212624,-0.78968972211,-0.0989586738787
4,70.0,0.161649263396,-0.789717016674,-0.0989468074301
4,70.0,0.161663049393,-0.789690995366,-0.098949836239
4,70.0,0.161665767365,-0.789673461631,-0.0989691047403
4,70.0,0.161661925536,-0.789692675859,-0.0989617200931
4,70.0,0.161668703829,-0.789675838369,-0.0989664528007
4,70.0,0.161664728366,-0.789713321281,-0.0989195625927
4,70.0,0.161657941197,-0.789737331497,-0.0988920540194
4,70.0,0.161665421193,-0.789723526795,-0.0989125391159
4,70.0,0.161676655037,-0.789675131706,-0.0989423515101
4,70.0,0.161676315905,-0.789677294288,-0.0989399141839
4,70.0,0.161676696718,-0.7896739186,-0.0989390281334
4,70.0,0.161678555532,-0.789663353914,-0.0989578550229
4,70.0,0.16164811878,-0.789767320266,-0.098906509822
4,70.0,0.161681164268,-0.789673204502,-0.0989666899062
4,70.0,0.161670816942,-0.789847583204,-0.0987739994675
4,70.0,0.161712843479,-0.789692895736,-0.0989214316426
4,70.0,0.161700333413,-0.789755745347,-0.0988739431091
4,70.0,0.161709333593,-0.789755567398,-0.0988573458434
4,70.0,0.161709612531,-0.789753610201,-0.0988595750818
4,70.0,0.161713280598,-0.789732326608,-0.0988575204156
4,70.0,0.161717149509,-0.789717595312,-0.0988717982355
4,70.0,0.161716476551,-0.789730215352,-0.0988637469997
4,70.0,0.161720323459,-0.789719012029,-0.0988640276992
4,70.0,0.161734164583,-0.789641916798,-0.0989568229311
4,70.0,0.161785754904,-0.789452889165,-0.0990893201148
4,70.0,0.161771784139,-0.789541149721,-0.0990015317197
4,70.0,0.161752723609,-0.789565704662,-0.0989646598927
4,70.0,0.161812539265,-0.789384286689,-0.0991293989926
4,70.0,0.161813651613,-0.789378487837,-0.0991339295571
4,70.0,0.161813781631,-0.789379893104,-0.099131897785
4,70.0,0.16181387319,-0.789380017692,-0.0991313437833
4,70.0,0.161814713256,-0.789381183215,-0.0991251214469
4,70.0,0.161819699255,-0.78934719163,-0.0991771869398
4,70.0,0.1618111627,-0.789376800194,-0.0991572444639
4,70.0,0.161811367759,-0.789377153252,-0.0991564850159
4,70.0,0.161811868751,-0.789378603383,-0.0991531924207
4,70.0,0.161813386906,-0.789391995174,-0.0991224051056
4,70.0,0.161798164652,-0.789451499875,-0.0990630337271
4,70.0,0.161800198007,-0.789448272489,-0.0990667522437
4,70.0,0.161798353933,-0.789475222023,-0.0990530647571
4,70.0,0.161790191998,-0.789501523564,-0.0990384307861
4,70.0,0.161792009187,-0.789500233805,-0.0990365256705
4,70.0,0.161791210804,-0.789490154267,-0.0990529518399
4,70.0,0.161793269328,-0.789485039824,-0.0990541723152
4,70.0,0.161793268887,-0.789480959595,-0.0990605261142
4,70.0,0.161797195976,-0.789472185449,-0.0990575620322
4,70.0,0.161799957766,-0.789458541981,-0.0990729334575
4,70.0,0.161799691213,-0.789459921099,-0.099072296487
4,70.0,0.161798350655,-0.789458760732,-0.0990802488916
4,70.0,0.161795931555,-0.789464819368,-0.0990787563768
4,70.0,0.161800162503,-0.789463258966,-0.099070047752
4,70.0,0.161794956045,-0.789495774643,-0.0990315700636
4,70.0,0.161803624233,-0.789469159605,-0.0990614424385
4,70.0,0.161809936984,-0.789439419783,-0.0990808520483
4,70.0,0.161809439658,-0.78944324748,-0.0990762597523
4,70.0,0.161809238257,-0.789445149855,-0.099081451439
4,70.0,0.1618081718,-0.78944847612,-0.0990800047656
4,70.0,0.161810705215,-0.789451955934,-0.0990683019729
4,70.0,0.161810433215,-0.789453579895,-0.0990663128123
4,70.0,0.161810951791,-0.789448870366,-0.099062047585
4,70.0,0.161805195987,-0.789471482552,-0.0990367608214
4,70.0,0.16180829227,-0.789465201767,-0.0990451970761
4,70.0,0.16181063771,-0.789452736241,-0.0990517351643
4,70.0,0.161812199959,-0.789441953262,-0.0990662442024
4,70.0,0.161809649653,-0.789451029926,-0.0990624397967
4,70.0,0.161809992402,-0.789450633475,-0.0990620765003
4,70.0,0.161808562919,-0.789444773326,-0.0990756194074
4,70.0,0.16181934792,-0.789416469983,-0.0990860344021
4,70.0,0.161832964399,-0.789338933206,-0.0991681382802
4,70.0,0.161801197195,-0.789467679226,-0.099078850142
4,70.0,0.161780425944,-0.789513680482,-0.0990556153004
4,70.0,0.161795206002,-0.789507851167,-0.0990416558346
4,70.0,0.161779736192,-0.789636223421,-0.0989025674927
4,70.0,0.161773657897,-0.789656327553,-0.0988842595879
4,70.0,0.161771197273,-0.7896449404,-0.0988923375109
4,70.0,0.16176749136,-0.789652444109,-0.0988820392632
4,70.0,0.161764192708,-0.789659173431,-0.0988725382169
4,70.0,0.161770341266,-0.789646495912,-0.0988911434562
4,70.0,0.161768566234,-0.789653679127,-0.0988864721621
4,70.0,0.161771558843,-0.789659689524,-0.0988718434978
4,70.0,0.161779502931,-0.789611648945,-0.0989285834692
4,70.0,0.161784681043,-0.789592510531,-0.0989415476553
4,70.0,0.161784602277,-0.789579179065,-0.0989587724598
4,70.0,0.161793739197,-0.789557105927,-0.0989626108987
4,70.0,0.161797016831,-0.789541501147,-0.0989784126898
4,70.0,0.161799035955,-0.789525366303,-0.0989877398616
4,70.0,0.161793191278,-0.789552771136,-0.0989546404319
4,70.0,0.161799772211,-0.789532863227,-0.0989753983493
4,70.0,0.1618007124,-0.789527332371,-0.0989790016156
4,70.0,0.161800679483,-0.789522257727,-0.0989880174124
4,70.0,0.161796107139,-0.789534926928,-0.0989846898703
4,70.0,0.161801243187,-0.789524533181,-0.0989869085442
4,70.0,0.161801065543,-0.78952651166,-0.0989844821574
4,70.0,0.161800114639,-0.789528744597,-0.0989917462716
4,70.0,0.161805972502,-0.789510442494,-0.0990018408884
4,70.0,0.16180491324,-0.789524899692,-0.0989841410551
4,70.0,0.161804361746,-0.789527173755,-0.0989807423808
4,70.0,0.161805275623,-0.789526127263,-0.0989894547793
4,70.0,0.161822773538,-0.789466417608,-0.0990238226793
4,70.0,0.161832447669,-0.789417598499,-0.09907195134
4,90.0,0.0709015928741,-0.948773671126,-0.00641614086641
4,90.0,0.0708629939612,-0.948794745158,-0.00643991540703
4,90.0,0.0708453616995,-0.948804984178,-0.00645143875963
4,90.0,0.0708260585915,-0.948807703721,-0.00647734004846
4,90.0,0.0708247891744,-0.948808768497,-0.00647807499847
4,90.0,0.0708083683756,-0.948794234443,-0.00652939436953
4,90.0,0.0707586465982,-0.948873956339,-0.00651305584868
4,90.0,0.0706875209094,-0.948959571548,-0.0065062981961
4,90.0,0.0706970124743,-0.948950037243,-0.00650582815694
4,90.0,0.0706946038198,-0.948944551624,-0.00651596833269
4,90.0,0.0706873992434,-0.9489440837,-0.00653367230014
4,90.0,0.0706446741089,-0.948997346042,-0.00655278161217
4,90.0,0.0706037406791,-0.949068707081,-0.00652291431338
4,90.0,0.0706063649836,-0.94906830484,-0.00652015766269
4,90.0,0.0705976036707,-0.94905351453,-0.00655347451194
4,90.0,0.0705669514788,-0.949088768715,-0.00656758807854
4,90.0,0.0705225548809,-0.949155388968,-0.00655150333762
4,90.0,0.070547194237,-0.949135783385,-0.00654266317622
4,90.0,0.0705403025744,-0.949007038185,-0.00672583936106
4,90.0,0.0705748676775,-0.94893288182,-0.00676569568155
4,90.0,0.0705747154742,-0.948931731531,-0.00676732195251
4,90.0,0.0705619089537,-0.948926649565,-0.00682128990237
4,90.0,0.0705313055259,-0.948989339801,-0.0067906227117
4,90.0,0.0705265377784,-0.94899001988,-0.00679594693745
4,90.0,0.0705041114111,-0.948976447353,-0.00685024282858
4,90.0,0.0704338230141,-0.949086211495,-0.00682248483766
4,90.0,0.0705229092095,-0.948967634725,-0.00685293712105
4,90.0,0.0705299042898,-0.948908909376,-0.00691765206445
4,90.0,0.070515871289,-0.948958344713,-0.00690405895751
4,90.0,0.0705164473262,-0.948957284711,-0.0069044405458
4,90.0,0.0705017651792,-0.948935969769,-0.00695557137788
4,90.0,0.0704549101016,-0.949007320964,-0.00694376884798
4,90.0,0.0704455496959,-0.949019785426,-0.00694114902236
4,90.0,0.0704476727233,-0.949021281701,-0.00693647328392
4,90.0,0.0704350915916,-0.94899545536,-0.0069997183197
4,90.0,0.0704103049512,-0.949042908134,-0.00698004767718
4,90.0,0.07041424072,-0.949041457257,-0.0069764343052
4,90.0,0.0704034155708,-0.949015173507,-0.00703138629517
4,90.0,0.0703646875887,-0.949083033347,-0.00701151173358
4,90.0,0.0703470347699,-0.949103626206,-0.00701037953129
4,90.0,0.0703063967121,-0.949103594337,-0.00706605822978
4,90.0,0.0702746612,-0.94914980472,-0.00705272256015
4,90.0,0.0703012604238,-0.949142589757,-0.00702800920138
4,90.0,0.0703015105534,-0.949139118641,-0.00703240088808
4,90.0,0.0702984202057,-0.949147898142,-0.00704895074803
4,90.0,0.0702482567356,-0.949253598016,-0.00700437686629
4,90.0,0.0702651695715,-0.94923054004,-0.00701030979319
4,90.0,0.0702550348732,-0.94918714337,-0.00707766045194
4,90.0,0.0702105414578,-0.94925834708,-0.00706396917871
4,90.0,0.070225500529,-0.949236674295,-0.00707047732442
4,90.0,0.0702215576039,-0.94922120551,-0.00709493665426
4,90.0,0.0702041637237,-0.949237009884,-0.007112007975
4,90.0,0.0701875098404,-0.949264312882,-0.00710393614919
4,90.0,0.0701735700571,-0.949267888015,-0.0071193939427
4,90.0,0.0701456510501,-0.949287322352,-0.00713892363707
4,90.0,0.0701646488386,-0.949261805313,-0.00714332325337
4,90.0,0.0701636281998,-0.949245294836,-0.00716665922892
4,90.0,0.0701476235373,-0.949270199488,-0.00717682294343
4,90.0,0.0701024085737,-0.949352643966,-0.00714383578693
4,90.0,0.0701174613208,-0.949337708843,-0.00714292769024
4,90.0,0.0701075957132,-0.949285192916,-0.00722328410443
4,90.0,0.0701108823017,-0.949279140684,-0.00722553585169
4,90.0,0.070092424533,-0.949238560022,-0.00730778799504
4,90.0,0.0701104190552,-0.949204445028,-0.00732368236641
4,90.0,0.0701069447638,-0.949183851519,-0.00735413702116
4,90.0,0.0700937429202,-0.94920092113,-0.00736034563839
4,90.0,0.0700801108056,-0.949220342093,-0.00735817034384
4,90.0,0.0700741252401,-0.949223506133,-0.00736331289259
4,90.0,0.0700608573906,-0.949224931629,-0.00738457599019
4,90.0,0.0700555761991,-0.949232127083,-0.00738406296975
4,90.0,0.0700324847871,-0.949225908436,-0.00743013560104
4,90.0,0.0699810389832,-0.949314005474,-0.00739520169579
4,90.0,0.0699855403124,-0.949309717818,-0.00739494298194
4,90.0,0.0699778959742,-0.94929352204,-0.00742476145418
4,90.0,0.0699898022819,-0.949281163625,-0.00741931086576
4,90.0,0.0700006515396,-0.949200183745,-0.00752478268625
4,90.0,0.069950840146,-0.949320636173,-0.00745455069488
4,90.0,0.0699800030239,-0.949295397233,-0.00745010980672
4,90.0,0.0699794626823,-0.949244822412,-0.0075147621083
4,90.0,0.0699682774984,-0.94926796137,-0.0075071180486
4,90.0,0.0699563030224,-0.949277152059,-0.00751482090966
4,90.0,0.0699387936208,-0.949292269339,-0.00752357047101
4,90.0,0.0699389311059,-0.949292120022,-0.00752355253666
4,90.0,0.069922492014,-0.949268799186,-0.00758128468653
4,90.0,0.0699298472156,-0.949255248884,-0.00758726543842
4,90.0,0.0699201683142,-0.949226192102,-0.0076367857712
4,90.0,0.0699182723599,-0.949229205966,-0.00763611085106
4,90.0,0.0699054867911,-0.949217966092,-0.0076720360399
4,90.0,0.0698909305089,-0.949241774433,-0.00766501649648
4,90.0,0.0698802326654,-0.949245889236,-0.00767499862643
4,90.0,0.0698613880479,-0.949256950492,-0.00769033070724
4,90.0,0.0698915116338,-0.949218801915,-0.00769383131269
4,90.0,0.069901431941,-0.949156025219,-0.00776447801788
4,90.0,0.069872853442,-0.949239612999,-0.00772224387538
4,90.0,0.0698565315912,-0.949266669073,-0.00771134779536
4,90.0,0.0698625828367,-0.94926770339,-0.00770272287882
4,90.0,0.0698518874667,-0.949208078541,-0.00780320338478
4,90.0,0.0698808871815,-0.94914629642,-0.00783866226495
4,90.0,0.0698890272145,-0.949213093923,-0.00774951409063
4,90.0,0.0699370240527,-0.949067207632,-0.00790118820655
4,90.0,0.0699316067229,-0.949082649241,-0.00789082157581
4,90.0,0.0699344366877,-0.949085759315,-0.00788376913847
4,90.0,0.0699225928943,-0.949046158037,-0.0079627289234
4,90.0,0.0699317346791,-0.949026896987,-0.00797363932283
4,90.0,0.069936026862,-0.949038421726,-0.0079550350709
4,90.0,0.069935395979,-0.949013537071,-0.00799616767212
4,90.0,0.0699085951923,-0.949071687203,-0.007970016611
4,90.0,0.0698979253541,-0.949084257896,-0.00796881771371
4,90.0,0.0699067608385,-0.949085501774,-0.00795557579835
4,90.0,0.0699087124027,-0.949025984556,-0.00803951621028
4,90.0,0.0699000298638,-0.949045784975,-0.00802824292046
4,90.0,0.0698945114865,-0.949042328522,-0.00803923290686
4,90.0,0.069881115562,-0.94904525085,-0.00805776594489
4,90.0,0.0698714551904,-0.949059155803,-0.0080550687526
4,90.0,0.0698760077194,-0.949058368175,-0.00804949632141
4,90.0,0.0698741165092,-0.949041931546,-0.00807736621145
4,90.0,0.0698610741994,-0.949067423904,-0.00807002090226
4,90.0,0.069819671674,-0.949113761844,-0.00807468323398
4,90.0,0.0698779912392,-0.949020533235,-0.00811471654111
4,90.0,0.0698803045563,-0.94899584686,-0.0081418732455
4,90.0,0.069873472393,-0.949021163341,-0.00813857830547
4,90.0,0.0698674646842,-0.949033284833,-0.00813288195044
4,90.0,0.0698725190367,-0.949035838849,-0.0081227948269
4,90.0,0.0698722787734,-0.949021163982,-0.00814581824227
4,90.0,0.0698607541565,-0.949045144741,-0.00813977183254
4,90.0,0.0698200150347,-0.949100226557,-0.00813390069468
4,90.0,0.0698322527846,-0.949080943256,-0.00814203479096
4,90.0,0.0698323364539,-0.949081236336,-0.00814159164665
4,90.0,0.0698282625004,-0.949076418625,-0.00815847085457
4,90.0,0.0698168275227,-0.949096362615,-0.00815389273586
4,90.0,0.0698202953075,-0.949093007779,-0.00815285808534
4,90.0,0.069813994334,-0.94906800471,-0.00819848468619
4,90.0,0.0698050163069,-0.94908584892,-0.00819019787485
4,90.0,0.0698051227545,-0.949085863851,-0.00819003716038
4,90.0,0.0697945628704,-0.949071407111,-0.0082294784995
4,90.0,0.0698051780617,-0.949050973845,-0.00823918547027
4,90.0,0.0697955869495,-0.948994641011,-0.00832262242467
4,90.0,0.0697746561655,-0.949036755182,-0.00830072900847
4,90.0,0.069775994588,-0.949036489336,-0.00829948193402
4,90.0,0.0697814558803,-0.949046918358,-0.00827796815795
4,90.0,0.0697925085227,-0.948997785187,-0.008339183551
4,90.0,0.0697433043139,-0.949125489021,-0.00826320927396
4,90.0,0.0697783283108,-0.949076821748,-0.00828038556503
4,90.0,0.0697786015654,-0.949095280145,-0.00825806621972
4,90.0,0.0697832564403,-0.949077735179,-0.00828898054994
4,90.0,0.069755996554,-0.949144078223,-0.00825238066104
4,90.0,0.0697791101193,-0.949119139142,-0.00825367737917
4,90.0,0.0697839208261,-0.949037732281,-0.00835120620117
4,90.0,0.0697698161609,-0.949071063847,-0.00833213625758
4,90.0,0.0697792075404,-0.949069868461,-0.00832190350341
4,90.0,0.0697798020877,-0.949031087688,-0.00837472371508
4,90.0,0.0697866063444,-0.949015843669,-0.0083824113415
4,90.0,0.0697850959038,-0.94900573212,-0.0083980329265
4,90.0,0.0697757672712,-0.949019710956,-0.00840068191965
4,90.0,0.0697660868544,-0.949035083348,-0.00839646143465
4,90.0,0.069743772528,-0.949043563871,-0.00841724935245
4,90.0,0.0697286105376,-0.949066274921,-0.00840946843593
4,90.0,0.0697321485922,-0.949065974102,-0.00840560355861
4,90.0,0.0697311898647,-0.949062483773,-0.00841175253158
4,90.0,0.0697258780945,-0.94906659279,-0.00842018632635
4,90.0,0.0697152249912,-0.949084812892,-0.00841518390206
4,90.0,0.069703512472,-0.949094116703,-0.00842051942069
4,90.0,0.0696990174194,-0.949098125091,-0.00842193302343
4,90.0,0.0697002307001,-0.949098257447,-0.0084199138393
4,90.0,0.069691549779,-0.949072185435,-0.00847814553326
4,90.0,0.0697151414347,-0.949021083089,-0.0085089420597
4,90.0,0.069714214674,-0.949014545349,-0.00851754908647
4,90.0,0.0697102295832,-0.949015610607,-0.00852580270182
4,90.0,0.0697046101609,-0.949024376318,-0.00852478277148
4,90.0,0.0696775161716,-0.949040983759,-0.00854786590013
4,90.0,0.0697608418377,-0.948886778311,-0.00862944063921
4,90.0,0.0697866553439,-0.948742556311,-0.00877278797894
4,90.0,0.069790128299,-0.948730300803,-0.00878096887416
4,90.0,0.0697880987393,-0.948721439348,-0.00879632248372
4,90.0,0.0697758745322,-0.948740790236,-0.00879618111492
4,90.0,0.0697557509919,-0.948772757612,-0.00878562569926
4,90.0,0.0697289151574,-0.948795206746,-0.00879174988974
4,90.0,0.069735819547,-0.948787734587,-0.00879242056725
4,90.0,0.0697349691417,-0.948784361012,-0.00879764677023
4,90.0,0.0697273039423,-0.948786128334,-0.00881430176394
4,90.0,0.0697457660426,-0.948750538866,-0.00883094518443
4,90.0,0.0697463773375,-0.948740803203,-0.00884263279875
4,90.0,0.0697431201147,-0.948749265088,-0.00884402130889
4,90.0,0.0697351268315,-0.948763887193,-0.00883969431829
4,90.0,0.0697231391292,-0.948773208332,-0.00884596519424
4,90.0,0.0697240995352,-0.948772109461,-0.00884597254788
4,90.0,0.0697129970161,-0.948750677638,-0.00889049427459
4,90.0,0.0697100575275,-0.948756335918,-0.00888763160277
4,90.0,0.069714953779,-0.948761845548,-0.00887520446971
4,90.0,0.0697153826339,-0.948747417167,-0.00889593345323
4,90.0,0.0697067560298,-0.948766593621,-0.00888939899912
4,90.0,0.0696795816908,-0.948801030854,-0.00888758990589
4,90.0,0.0696947562896,-0.948777590407,-0.00889713526375
4,90.0,0.0696922132629,-0.948757113519,-0.00892461935523
4,90.0,0.0696765925529,-0.948781149583,-0.00892313453029
4,90.0,0.0697052830534,-0.948734336807,-0.0089416575499
4,90.0,0.0697097644794,-0.948701015314,-0.00897801108645
4,90.0,0.069703638909,-0.948721275093,-0.00896867639972
4,90.0,0.0696870739086,-0.948746069963,-0.00896436312665
4,90.0,0.0696625937533,-0.948778224486,-0.00895738276944
4,90.0,0.0696854950441,-0.948755902032,-0.00895704861589
